Workbook
Name DVerweis: _xlfn.LAMBDA(_xlpm.Such1,_xlpm.Such2,_xlpm.Matrix1,_xlpm.Matrix2,_xlpm.WertMatrix, _xlfn.XLOOKUP(_xlpm.Such1, _xlpm.Matrix1, _xlfn.XLOOKUP(_xlpm.Such2, _xlpm.Matrix2, _xlpm.WertMatrix, 0), NA()))
Name EntfernungPythagoras: _xlfn.LAMBDA(_xlpm.Länge1,_xlpm.Breite1,_xlpm.Länge2,_xlpm.Breite2, SQRT( SUMSQ( (_xlpm.Länge1 - _xlpm.Länge2), (_xlpm.Breite1 - _xlpm.Breite2) ) ) )
Name iSpalte: _xlfn.LAMBDA(_xlpm.Zelle,COLUMN(INDIRECT(_xlpm.Zelle)))
Name IstPrimzahl: _xlfn.LAMBDA(_xlpm.Zahl, _xlfn.IFS(_xlpm.Zahl <= 1, FALSE, _xlpm.Zahl = 2, TRUE, TRUE, SUMPRODUCT(--(MOD(_xlpm.Zahl, _xlfn.SEQUENCE(ROUNDUP(SQRT(_xlpm.Zahl), 0) - 1, 1, 2)) = 0)) = 0))
Name iZeile: _xlfn.LAMBDA(_xlpm.Zelle,ROW(INDIRECT(_xlpm.Zelle)))
Name m2s: _xlfn.LAMBDA(_xlpm.m2s,_xlpm.m2s*60*60*24*1000)
Name NurZahlen: _xlfn.LAMBDA(_xlpm.Text, _xlfn.REGEXEXTRACT(_xlpm.Text, "\d+", 1)*1)
Name SpielKarten_Bereinigen: _xlfn.LAMBDA(_xlpm.Feld,SUBSTITUTE(_xlpm.Feld,"0",""))
Name SpielKarten_ZelleTrennen: _xlfn.LAMBDA(_xlpm.KartenStapelZelle,SUBSTITUTE(MID(SUBSTITUTE(_xlpm.KartenStapelZelle,10,"x"),_xlfn.SEQUENCE(,LEN(_xlpm.KartenStapelZelle)/2,,2),2),"x",10))
Name ST: _xlfn.LAMBDA(_xlpm.text,_xlfn.TEXTSPLIT(_xlpm.text,";"))
Name WennLeer: _xlfn.LAMBDA(_xlpm.Wert,_xlpm.Ersatzwert,IF(ISBLANK(_xlpm.Wert),_xlpm.Ersatzwert,_xlpm.Wert))
Name Würfel2Zahl: _xlfn.LAMBDA(_xlpm.Würfel, IF(ZwischenWert(_xlfn.UNICODE(_xlpm.Würfel), 9856, 9861, 0), _xlfn.UNICODE(_xlpm.Würfel) - 9855, "#keinWürfel"))
Name xEindeutig: _xlfn.LAMBDA(_xlpm.Matrix, _xlfn.UNIQUE(_xlfn.TOCOL(_xlpm.Matrix, 3)))
Name xRest: _xlfn.LAMBDA(_xlpm.a,_xlpm.b, IF(MOD(_xlpm.a, _xlpm.b) = 0, _xlpm.b, MOD(_xlpm.a, _xlpm.b)))
Name Zahl2Text: _xlfn.LAMBDA(_xlpm.Zahl,_xlfn.TEXTBEFORE(_xlfn.TRANSLATE(BAHTTEXT(_xlpm.Zahl), , "de"), " Baht"))

Sheet Case
B2: MEWC DACH - Qualifikationsrunde 3
B4: Bodensee | J4: Case Autor
B5: #VALUE! | J5: #VALUE!
J12: Julian Pöltl
B14: Anweisungen
B15: Willkommen zu dieser Qualifikationsrunde von MEWC DACH.
B16: Der Bodensee, einer der größten Seen Europas, liegt im Zentrum der DACH-Region. Am Fuße der Alpen grenzt er an Deutschland, Österreich und die Schweiz...und auch Liechtenstein ist nicht weit entfernt. In diesem Fall wirst du dich mit der Modellierung auf der Grundlage von Zu- und Abflüssen sowie mit einigen Map-Aufgaben befassen. Alle erforderlichen Informationen werden beim entsprechenden Level bereitgestellt.
B17: Viel Erfolg!
B19: Bonusfragen
B21: Um es noch spannender zu machen, gibt es 5 zusätzliche Bonusaufgaben.
B23: Spiel # | C23: Verwandt mit Level # | D23: Punkte | E23: Antwort | G23: Fragen
B24: Bonus 1 | C24: 1/2 | D24: 30 | E24: Alpenrhein | G24: Welcher Fluss liefert den größten Gesamtzufluss?
B25: Bonus 2 | C25: 1/2 | D25: 40 | E25: 50369472000 | G25: Wie hoch ist der gesamte Zufluss (nur Flüsse) in Litern am Tag mit dem höchsten Zufluss?
B26: Bonus 3 | C26: 4 | D26: 50 | E26: 46315 | G26: Basierend auf den Regeln von Level 4: An welchem Tag ist der Pegel am niedrigsten?
B27: Bonus 4 | C27: 5 | D27: 60 | E27: 8 | G27: Wie viele Städte auf der Karte (!) gibt es in der Schweiz?
B28: Bonus 5 | C28: 6 | D28: 70 | E28: 69 | G28: Wie groß ist die größte Entfernung zwischen zwei Städten? (Runde auf volle Kilometer)
B30: Questions
B32: Level 1 | C32: Einfach | D32: Alpenrhein
B34: Wie hoch ist der Zufluss des Alpenrheins in l/d (Liter pro Tag) zum entsprechenden Datum?
B35: Die Zuflüsse in der Zuflusstabelle sind in m³/s angegeben (1 m³ = 1.000 l).
B36: Runde auf den nächstgelegenen Liter.
B38: Beispiel:
B39: Der Zufluss des Alpenrheins beträgt am 21. April 2026 397,80 m³/s.
B40: 397,80 m³/s entsprechen 397.800,0 l/s (pro Sekunde).
B41: 397.800 l/s entsprechen 23.868.000 l/min (pro Minute).
B42: 23.868.000 l/min entsprechen 1.432.080.000 l/h (pro Stunde).
B43: Der Zufluss an diesem Tag beträgt daher 34.369.920.000 Liter.
B45: Spiel # | C45: Level | D45: Punkte | E45: Antwort | G45: Datum
B47: Beispiel1 | C47: 1 | D47: 0 | E47: 34369920000 | G47: 46133 | H47: =_xlfn.XLOOKUP(G47,'Zuflüsse - Flüsse'!A:A,'Zuflüsse - Flüsse'!B:B) -> 397.8 | I47: =H47*60*60*24*1000 -> 34369920000 | J47: =I47=E47 -> TRUE
B49: 1 | C49: 1 | D49: 2 | E49: 2.8578528e+10 | G49: 46081 | H49: =_xlfn.XLOOKUP(G49,'Zuflüsse - Flüsse'!A:A,'Zuflüsse - Flüsse'!B:B) -> 330.77 | I49: =H49*60*60*24*1000 -> 2.8578528e+10
B50: 2 | C50: 1 | D50: 2 | E50: 27306720000 | G50: 46128 | H50: =_xlfn.XLOOKUP(G50,'Zuflüsse - Flüsse'!A:A,'Zuflüsse - Flüsse'!B:B) -> 316.05 | I50: =H50*60*60*24*1000 -> 27306720000
B51: 3 | C51: 1 | D51: 2 | E51: 38154240000 | G51: 46183 | H51: =_xlfn.XLOOKUP(G51,'Zuflüsse - Flüsse'!A:A,'Zuflüsse - Flüsse'!B:B) -> 441.6 | I51: =H51*60*60*24*1000 -> 38154240000
B52: 4 | C52: 1 | D52: 2 | E52: 36803808000 | G52: 46221 | H52: =_xlfn.XLOOKUP(G52,'Zuflüsse - Flüsse'!A:A,'Zuflüsse - Flüsse'!B:B) -> 425.97 | I52: =H52*60*60*24*1000 -> 36803808000
B53: 5 | C53: 1 | D53: 2 | E53: 7.743168e+09 | G53: 46309 | H53: =_xlfn.XLOOKUP(G53,'Zuflüsse - Flüsse'!A:A,'Zuflüsse - Flüsse'!B:B) -> 89.62 | I53: =H53*60*60*24*1000 -> 7.743168e+09
B54: 6 | C54: 1 | D54: 2 | E54: 2.8696896e+10 | G54: 46146 | H54: =_xlfn.XLOOKUP(G54,'Zuflüsse - Flüsse'!A:A,'Zuflüsse - Flüsse'!B:B) -> 332.14 | I54: =H54*60*60*24*1000 -> 2.8696896e+10
B55: 7 | C55: 1 | D55: 2 | E55: 14546304000 | G55: 46135 | H55: =_xlfn.XLOOKUP(G55,'Zuflüsse - Flüsse'!A:A,'Zuflüsse - Flüsse'!B:B) -> 168.36 | I55: =H55*60*60*24*1000 -> 14546304000
B56: 8 | C56: 1 | D56: 2 | E56: 5.135616e+09 | G56: 46331 | H56: =_xlfn.XLOOKUP(G56,'Zuflüsse - Flüsse'!A:A,'Zuflüsse - Flüsse'!B:B) -> 59.44 | I56: =H56*60*60*24*1000 -> 5.135616e+09
B57: 9 | C57: 1 | D57: 2 | E57: 5.135616e+09 | G57: 46357 | H57: =_xlfn.XLOOKUP(G57,'Zuflüsse - Flüsse'!A:A,'Zuflüsse - Flüsse'!B:B) -> 59.44 | I57: =H57*60*60*24*1000 -> 5.135616e+09
B58: 10 | C58: 1 | D58: 2 | E58: 1.2253248e+10 | G58: 46112 | H58: =_xlfn.XLOOKUP(G58,'Zuflüsse - Flüsse'!A:A,'Zuflüsse - Flüsse'!B:B) -> 141.82 | I58: =H58*60*60*24*1000 -> 1.2253248e+10
B59: 11 | C59: 1 | D59: 2 | E59: 7.744032e+09 | G59: 46336 | H59: =_xlfn.XLOOKUP(G59,'Zuflüsse - Flüsse'!A:A,'Zuflüsse - Flüsse'!B:B) -> 89.63 | I59: =H59*60*60*24*1000 -> 7.744032e+09
B60: 12 | C60: 1 | D60: 2 | E60: 9273312000 | G60: 46199 | H60: =_xlfn.XLOOKUP(G60,'Zuflüsse - Flüsse'!A:A,'Zuflüsse - Flüsse'!B:B) -> 107.33 | I60: =H60*60*60*24*1000 -> 9273312000
... B68: 20 | C68: 1 | D68: 2 | E68: 5.632416e+09 | G68: 46338 | H68: =_xlfn.XLOOKUP(G68,'Zuflüsse - Flüsse'!A:A,'Zuflüsse - Flüsse'!B:B) -> 65.19 | I68: =H68*60*60*24*1000 -> 5.632416e+09
K69: =H69*60*60*24*1000 -> 0
B70: Level Code | C70: 1 | E70: =IFERROR(E49,"")&";"&IFERROR(E50,"")&";"&IFERROR(E51,"")&";"&IFERROR(E52,"")&";"&IFERROR(E53,"")&";"&IFERROR(E54,"")&";"&IFERROR(E55,"")&";"&IFERROR(E56,"")&";"&IFERROR(E57,"")&";"&IFERROR(E58,"")&";"&IFERROR(E59,"")&";"&IFERROR(E60,"")&";"&IFERROR(E61,"")&";"&IFERROR(E62,"")&";"&IFERROR(E63,"")&";"&IFERROR(E64,"")&";"&IFERROR(E65,"")&";"&IFERROR(E66,"")&";"&IFERROR(E67,"")&";"&IFERROR(E68,"") -> 28578528000;27306720000;38154240000;36803808000;7743168000;28696896000;14546304000;5135616000;5135616000;12253248000;7744032000;9273312000;18746208000;23842080000;20925216000;13804128000;15825888000;36389088000;13696128000;5632416000
B73: Level 2 | C73: Einfach-Mittel | D73: Fluss
B75: Wie hoch ist der Zufluss des entsprechenden Flusses in l/d (Liter pro Tag) zum entsprechenden Datum?
B76: Die Zuflüsse in der Zuflusstabelle sind in m³/s angegeben (1 m³ = 1.000 l).
B77: Runde auf den nächstgelegenen Liter.
B79: Beispiel:
B80: Der Zufluss der Bregenzer Ach beträgt am 5. April 2026 51,97 m³/s.
B81: Der Zufluss an diesem Tag beträgt daher 4.490.208.000 Liter.
B83: Spiel # | C83: Level | D83: Punkte | E83: Antwort | G83: Datum | H83: Fluss
B85: Beispiel2 | C85: 2 | D85: 0 | E85: 4490208000 | G85: 46117 | H85: Bregenzer Ach | I85: =MATCH(H85,'Zuflüsse - Flüsse'!$A$1:$K$1,0) -> 3 | J85: =VLOOKUP(G85,'Zuflüsse - Flüsse'!A:K,Case!I85) -> 51.97 | K85: =J85*60*60*24*1000 -> 4490208000 | L85: =K85=E85 -> TRUE
B87: 21 | C87: 2 | D87: 4 | E87: 25935552000 | G87: 46069 | H87: Alpenrhein | I87: =MATCH(H87,'Zuflüsse - Flüsse'!$A$1:$K$1,0) -> 2 | J87: =VLOOKUP(G87,'Zuflüsse - Flüsse'!A:K,Case!I87) -> 300.18 | K87: =J87*60*60*24*1000 -> 25935552000 | L87: {=m2s(J87)} -> 25935552000
B88: 22 | C88: 2 | D88: 4 | E88: 2.48832e+08 | G88: 46314 | H88: Rotach | I88: =MATCH(H88,'Zuflüsse - Flüsse'!$A$1:$K$1,0) -> 10 | J88: =VLOOKUP(G88,'Zuflüsse - Flüsse'!A:K,Case!I88) -> 2.88 | K88: =J88*60*60*24*1000 -> 2.48832e+08 | L88: {=m2s(J88)} -> 2.48832e+08
B89: 23 | C89: 2 | D89: 4 | E89: 2.47968e+08 | G89: 46284 | H89: Rotach | I89: =MATCH(H89,'Zuflüsse - Flüsse'!$A$1:$K$1,0) -> 10 | J89: =VLOOKUP(G89,'Zuflüsse - Flüsse'!A:K,Case!I89) -> 2.87 | K89: =J89*60*60*24*1000 -> 2.47968e+08 | L89: {=m2s(J89)} -> 2.47968e+08
B90: 24 | C90: 2 | D90: 4 | E90: 3.62016e+08 | G90: 46213 | H90: Leiblach | I90: =MATCH(H90,'Zuflüsse - Flüsse'!$A$1:$K$1,0) -> 8 | J90: =VLOOKUP(G90,'Zuflüsse - Flüsse'!A:K,Case!I90) -> 4.19 | K90: =J90*60*60*24*1000 -> 3.62016e+08 | L90: {=m2s(J90)} -> 3.62016e+08
B91: 25 | C91: 2 | D91: 4 | E91: 99360000 | G91: 46127 | H91: Stockacher Aach | I91: =MATCH(H91,'Zuflüsse - Flüsse'!$A$1:$K$1,0) -> 11 | J91: =VLOOKUP(G91,'Zuflüsse - Flüsse'!A:K,Case!I91) -> 1.15 | K91: =J91*60*60*24*1000 -> 99360000 | L91: {=m2s(J91)} -> 99360000
B92: 26 | C92: 2 | D92: 4 | E92: 618624000 | G92: 46338 | H92: Alter Rhein | I92: =MATCH(H92,'Zuflüsse - Flüsse'!$A$1:$K$1,0) -> 5 | J92: =VLOOKUP(G92,'Zuflüsse - Flüsse'!A:K,Case!I92) -> 7.16 | K92: =J92*60*60*24*1000 -> 618624000 | L92: {=m2s(J92)} -> 618624000
B93: 27 | C93: 2 | D93: 4 | E93: 130464000 | G93: 46128 | H93: Rotach | I93: =MATCH(H93,'Zuflüsse - Flüsse'!$A$1:$K$1,0) -> 10 | J93: =VLOOKUP(G93,'Zuflüsse - Flüsse'!A:K,Case!I93) -> 1.51 | K93: =J93*60*60*24*1000 -> 130464000 | L93: {=m2s(J93)} -> 130464000
B94: 28 | C94: 2 | D94: 4 | E94: 386208000 | G94: 46222 | H94: Leiblach | I94: =MATCH(H94,'Zuflüsse - Flüsse'!$A$1:$K$1,0) -> 8 | J94: =VLOOKUP(G94,'Zuflüsse - Flüsse'!A:K,Case!I94) -> 4.47 | K94: =J94*60*60*24*1000 -> 386208000 | L94: {=m2s(J94)} -> 386208000
B95: 29 | C95: 2 | D95: 4 | E95: 1.17504e+08 | G95: 46248 | H95: Rotach | I95: =MATCH(H95,'Zuflüsse - Flüsse'!$A$1:$K$1,0) -> 10 | J95: =VLOOKUP(G95,'Zuflüsse - Flüsse'!A:K,Case!I95) -> 1.36 | K95: =J95*60*60*24*1000 -> 1.17504e+08 | L95: {=m2s(J95)} -> 1.17504e+08
B96: 30 | C96: 2 | D96: 4 | E96: 23328000 | G96: 46036 | H96: Stockacher Aach | I96: =MATCH(H96,'Zuflüsse - Flüsse'!$A$1:$K$1,0) -> 11 | J96: =VLOOKUP(G96,'Zuflüsse - Flüsse'!A:K,Case!I96) -> 0.27 | K96: =J96*60*60*24*1000 -> 23328000 | L96: {=m2s(J96)} -> 23328000
B97: 31 | C97: 2 | D97: 4 | E97: 596160000 | G97: 46258 | H97: Alter Rhein | I97: =MATCH(H97,'Zuflüsse - Flüsse'!$A$1:$K$1,0) -> 5 | J97: =VLOOKUP(G97,'Zuflüsse - Flüsse'!A:K,Case!I97) -> 6.9 | K97: =J97*60*60*24*1000 -> 596160000 | L97: {=m2s(J97)} -> 596160000
B98: 32 | C98: 2 | D98: 4 | E98: 297216000 | G98: 46040 | H98: Leiblach | I98: =MATCH(H98,'Zuflüsse - Flüsse'!$A$1:$K$1,0) -> 8 | J98: =VLOOKUP(G98,'Zuflüsse - Flüsse'!A:K,Case!I98) -> 3.44 | K98: =J98*60*60*24*1000 -> 297216000 | L98: {=m2s(J98)} -> 297216000
... B106: 40 | C106: 2 | D106: 4 | E106: 225504000 | G106: 46071 | H106: Stockacher Aach | I106: =MATCH(H106,'Zuflüsse - Flüsse'!$A$1:$K$1,0) -> 11 | J106: =VLOOKUP(G106,'Zuflüsse - Flüsse'!A:K,Case!I106) -> 2.61 | K106: =J106*60*60*24*1000 -> 225504000 | L106: {=m2s(J106)} -> 225504000
B108: Level Code | C108: 2 | E108: =IFERROR(E87,"")&";"&IFERROR(E88,"")&";"&IFERROR(E89,"")&";"&IFERROR(E90,"")&";"&IFERROR(E91,"")&";"&IFERROR(E92,"")&";"&IFERROR(E93,"")&";"&IFERROR(E94,"")&";"&IFERROR(E95,"")&";"&IFERROR(E96,"")&";"&IFERROR(E97,"")&";"&IFERROR(E98,"")&";"&IFERROR(E99,"")&";"&IFERROR(E100,"")&";"&IFERROR(E101,"")&";"&IFERROR(E102,"")&";"&IFERROR(E103,"")&";"&IFERROR(E104,"")&";"&IFERROR(E105,"")&";"&IFERROR(E106,"") -> 25935552000;248832000;247968000;362016000;99360000;618624000;130464000;386208000;117504000;23328000;596160000;297216000;175392000;155520000;368064000;535680000;231552000;768096000;1083456000;225504000
B111: Level 3 | C111: Mittel | D111: Netto-Wasserfluss
B113: Wie hoch ist der Nettowasserfluss aller Zuflüsse und Abflüsse in l/d (Liter pro Tag) zum entsprechenden Datum?
B114: Alle Zuflüsse und Abflüsse werden in m³/s angegeben (1 m³ = 1.000 l).
B115: Runde auf den nächstgelegenen Liter.
B117: Beispiel:
B118: Der Zufluss aus Flüssen beträgt am 28. Dezember 2026 203,18 m³/s.
B119: Der Zufluss durch Regen am 28. Dezember 2026 beträgt 11,52 m³/s.
B120: Die Summe der Abflüsse am 28. Dezember 2026 beträgt 388,09 m³/s.
B121: Der Netto-Wasserfluss an diesem Tag beträgt daher -14.981.250.240 l.
B123: Spiel # | C123: Level | D123: Punkte | E123: Antwort | G123: Datum
B125: Beispiel3 | C125: 3 | D125: 0 | E125: -14981250240 | G125: 46384 | H125: =SUM(_xlfn.XLOOKUP(G125,'Zuflüsse - Flüsse'!A:A,'Zuflüsse - Flüsse'!B:K)) -> 203.18 | I125: =_xlfn.XLOOKUP(G125,'Andere Zuflüsse'!A:A,'Andere Zuflüsse'!B:B) -> 11.519 | J125: =SUM(_xlfn.XLOOKUP(Case!G125,Abflüsse!A:A,Abflüsse!B:G)) -> 388.0931 | K125: =SUM(H125:I125)-J125 -> -173.3941 | L125: {=m2s(K125)} -> -14981250240 | M125: =L125=E125 -> TRUE
B127: 41 | C127: 3 | D127: 5 | E127: -4281456960 | G127: 46172 | H127: =SUM(_xlfn.XLOOKUP(G127,'Zuflüsse - Flüsse'!A:A,'Zuflüsse - Flüsse'!B:K)) -> 326 | I127: =_xlfn.XLOOKUP(G127,'Andere Zuflüsse'!A:A,'Andere Zuflüsse'!B:B) -> 15.885 | J127: =SUM(_xlfn.XLOOKUP(Case!G127,Abflüsse!A:A,Abflüsse!B:G)) -> 391.4389 | K127: =SUM(H127:I127)-J127 -> -49.5539 | L127: {=ROUND(m2s(K127),)} -> -4281456960
B128: 42 | C128: 3 | D128: 5 | E128: 2252525760 | G128: 46093 | H128: =SUM(_xlfn.XLOOKUP(G128,'Zuflüsse - Flüsse'!A:A,'Zuflüsse - Flüsse'!B:K)) -> 396.43 | I128: =_xlfn.XLOOKUP(G128,'Andere Zuflüsse'!A:A,'Andere Zuflüsse'!B:B) -> 16.48 | J128: =SUM(_xlfn.XLOOKUP(Case!G128,Abflüsse!A:A,Abflüsse!B:G)) -> 386.8391 | K128: =SUM(H128:I128)-J128 -> 26.0709 | L128: {=ROUND(m2s(K128),)} -> 2252525760
B129: 43 | C129: 3 | D129: 5 | E129: -12619601280 | G129: 46241 | H129: =SUM(_xlfn.XLOOKUP(G129,'Zuflüsse - Flüsse'!A:A,'Zuflüsse - Flüsse'!B:K)) -> 142.42 | I129: =_xlfn.XLOOKUP(G129,'Andere Zuflüsse'!A:A,'Andere Zuflüsse'!B:B) -> 14.295 | J129: =SUM(_xlfn.XLOOKUP(Case!G129,Abflüsse!A:A,Abflüsse!B:G)) -> 302.7752 | K129: =SUM(H129:I129)-J129 -> -146.0602 | L129: {=ROUND(m2s(K129),)} -> -12619601280
B130: 44 | C130: 3 | D130: 5 | E130: -12540545280 | G130: 46300 | H130: =SUM(_xlfn.XLOOKUP(G130,'Zuflüsse - Flüsse'!A:A,'Zuflüsse - Flüsse'!B:K)) -> 153.38 | I130: =_xlfn.XLOOKUP(G130,'Andere Zuflüsse'!A:A,'Andere Zuflüsse'!B:B) -> 17 | J130: =SUM(_xlfn.XLOOKUP(Case!G130,Abflüsse!A:A,Abflüsse!B:G)) -> 315.5252 | K130: =SUM(H130:I130)-J130 -> -145.1452 | L130: {=ROUND(m2s(K130),)} -> -12540545280
B131: 45 | C131: 3 | D131: 5 | E131: -804003840 | G131: 46098 | H131: =SUM(_xlfn.XLOOKUP(G131,'Zuflüsse - Flüsse'!A:A,'Zuflüsse - Flüsse'!B:K)) -> 261.63 | I131: =_xlfn.XLOOKUP(G131,'Andere Zuflüsse'!A:A,'Andere Zuflüsse'!B:B) -> 15.708 | J131: =SUM(_xlfn.XLOOKUP(Case!G131,Abflüsse!A:A,Abflüsse!B:G)) -> 286.6436 | K131: =SUM(H131:I131)-J131 -> -9.3056 | L131: {=ROUND(m2s(K131),)} -> -804003840
B132: 46 | C132: 3 | D132: 5 | E132: -9712941120 | G132: 46374 | H132: =SUM(_xlfn.XLOOKUP(G132,'Zuflüsse - Flüsse'!A:A,'Zuflüsse - Flüsse'!B:K)) -> 242.83 | I132: =_xlfn.XLOOKUP(G132,'Andere Zuflüsse'!A:A,'Andere Zuflüsse'!B:B) -> 16.526 | J132: =SUM(_xlfn.XLOOKUP(Case!G132,Abflüsse!A:A,Abflüsse!B:G)) -> 371.7743 | K132: =SUM(H132:I132)-J132 -> -112.4183 | L132: {=ROUND(m2s(K132),)} -> -9712941120
B133: 47 | C133: 3 | D133: 5 | E133: 18704468160 | G133: 46289 | H133: =SUM(_xlfn.XLOOKUP(G133,'Zuflüsse - Flüsse'!A:A,'Zuflüsse - Flüsse'!B:K)) -> 497.46 | I133: =_xlfn.XLOOKUP(G133,'Andere Zuflüsse'!A:A,'Andere Zuflüsse'!B:B) -> 12.091 | J133: =SUM(_xlfn.XLOOKUP(Case!G133,Abflüsse!A:A,Abflüsse!B:G)) -> 293.0641 | K133: =SUM(H133:I133)-J133 -> 216.4869 | L133: {=ROUND(m2s(K133),)} -> 18704468160
B134: 48 | C134: 3 | D134: 5 | E134: -9525548160 | G134: 46301 | H134: =SUM(_xlfn.XLOOKUP(G134,'Zuflüsse - Flüsse'!A:A,'Zuflüsse - Flüsse'!B:K)) -> 261.6 | I134: =_xlfn.XLOOKUP(G134,'Andere Zuflüsse'!A:A,'Andere Zuflüsse'!B:B) -> 11.831 | J134: =SUM(_xlfn.XLOOKUP(Case!G134,Abflüsse!A:A,Abflüsse!B:G)) -> 383.6804 | K134: =SUM(H134:I134)-J134 -> -110.2494 | L134: {=ROUND(m2s(K134),)} -> -9525548160
B135: 49 | C135: 3 | D135: 5 | E135: 6212592000 | G135: 46354 | H135: =SUM(_xlfn.XLOOKUP(G135,'Zuflüsse - Flüsse'!A:A,'Zuflüsse - Flüsse'!B:K)) -> 410.94 | I135: =_xlfn.XLOOKUP(G135,'Andere Zuflüsse'!A:A,'Andere Zuflüsse'!B:B) -> 13.15 | J135: =SUM(_xlfn.XLOOKUP(Case!G135,Abflüsse!A:A,Abflüsse!B:G)) -> 352.185 | K135: =SUM(H135:I135)-J135 -> 71.905 | L135: {=ROUND(m2s(K135),)} -> 6212592000
B136: 50 | C136: 3 | D136: 5 | E136: 7984431360 | G136: 46213 | H136: =SUM(_xlfn.XLOOKUP(G136,'Zuflüsse - Flüsse'!A:A,'Zuflüsse - Flüsse'!B:K)) -> 400.31 | I136: =_xlfn.XLOOKUP(G136,'Andere Zuflüsse'!A:A,'Andere Zuflüsse'!B:B) -> 14.802 | J136: =SUM(_xlfn.XLOOKUP(Case!G136,Abflüsse!A:A,Abflüsse!B:G)) -> 322.6996 | K136: =SUM(H136:I136)-J136 -> 92.4124 | L136: {=ROUND(m2s(K136),)} -> 7984431360
B137: 51 | C137: 3 | D137: 5 | E137: 11515996800 | G137: 46088 | H137: =SUM(_xlfn.XLOOKUP(G137,'Zuflüsse - Flüsse'!A:A,'Zuflüsse - Flüsse'!B:K)) -> 457.11 | I137: =_xlfn.XLOOKUP(G137,'Andere Zuflüsse'!A:A,'Andere Zuflüsse'!B:B) -> 14.542 | J137: =SUM(_xlfn.XLOOKUP(Case!G137,Abflüsse!A:A,Abflüsse!B:G)) -> 338.365 | K137: =SUM(H137:I137)-J137 -> 133.287 | L137: {=ROUND(m2s(K137),)} -> 11515996800
B138: 52 | C138: 3 | D138: 5 | E138: -6148811520 | G138: 46176 | H138: =SUM(_xlfn.XLOOKUP(G138,'Zuflüsse - Flüsse'!A:A,'Zuflüsse - Flüsse'!B:K)) -> 257.86 | I138: =_xlfn.XLOOKUP(G138,'Andere Zuflüsse'!A:A,'Andere Zuflüsse'!B:B) -> 14.71 | J138: =SUM(_xlfn.XLOOKUP(Case!G138,Abflüsse!A:A,Abflüsse!B:G)) -> 343.7368 | K138: =SUM(H138:I138)-J138 -> -71.1668 | L138: {=ROUND(m2s(K138),)} -> -6148811520
... B146: 60 | C146: 3 | D146: 5 | E146: 22620271680 | G146: 46329 | H146: =SUM(_xlfn.XLOOKUP(G146,'Zuflüsse - Flüsse'!A:A,'Zuflüsse - Flüsse'!B:K)) -> 582.91 | I146: =_xlfn.XLOOKUP(G146,'Andere Zuflüsse'!A:A,'Andere Zuflüsse'!B:B) -> 12.321 | J146: =SUM(_xlfn.XLOOKUP(Case!G146,Abflüsse!A:A,Abflüsse!B:G)) -> 333.4223 | K146: =SUM(H146:I146)-J146 -> 261.8087 | L146: {=ROUND(m2s(K146),)} -> 22620271680
B148: Level Code | C148: 3 | E148: =IFERROR(E127,"")&";"&IFERROR(E128,"")&";"&IFERROR(E129,"")&";"&IFERROR(E130,"")&";"&IFERROR(E131,"")&";"&IFERROR(E132,"")&";"&IFERROR(E133,"")&";"&IFERROR(E134,"")&";"&IFERROR(E135,"")&";"&IFERROR(E136,"")&";"&IFERROR(E137,"")&";"&IFERROR(E138,"")&";"&IFERROR(E139,"")&";"&IFERROR(E140,"")&";"&IFERROR(E141,"")&";"&IFERROR(E142,"")&";"&IFERROR(E143,"")&";"&IFERROR(E144,"")&";"&IFERROR(E145,"")&";"&IFERROR(E146,"") -> -4281456960;2252525760;-12619601280;-12540545280;-804003840;-9712941120;18704468160;-9525548160;6212592000;7984431360;11515996800;-6148811520;-7801341120;-7988155200;7716600000;4128338880;-2167335360;7517880000;1803358080;22620271680
B151: Level 4 | C151: Mittel-Schwer | D151: Pegelhöhe
B153: Wie hoch ist der Pegelstand im Vergleich zu dem zu Beginn des Jahres?
B154: Jede Zelle auf der Karte ist 1 km x 1 km groß (1 km = 1000 m).
B155: Angenommen, der Wasserstand ändert sich ohne weitere Einflüsse und hängt ausschließlich vom Seegebiet ab (siehe Kartenblatt).
B156: Alle Zu- und Abflüsse sind in m³/s angegeben.
B157: Gib deine Antwort in Millimetern an - gerundet auf den nächstgelegenen Millimeter.
B158: 1 m = 1000 mm (1 Meter = 1000 Millimeter)
B160: Beispiel:
...

Sheet F7
A1: =IF(ADDRESS(ROW(),COLUMN(),4)=$CB$5,1,999) -> 999 | B1: =IF(ADDRESS(ROW(),COLUMN(),4)=$CB$5,1,999) -> 999 | C1: =IF(ADDRESS(ROW(),COLUMN(),4)=$CB$5,1,999) -> 999 | D1: =IF(ADDRESS(ROW(),COLUMN(),4)=$CB$5,1,999) -> 999 | E1: =IF(ADDRESS(ROW(),COLUMN(),4)=$CB$5,1,999) -> 999 | F1: =IF(ADDRESS(ROW(),COLUMN(),4)=$CB$5,1,999) -> 999 | G1: =IF(ADDRESS(ROW(),COLUMN(),4)=$CB$5,1,999) -> 999 | H1: =IF(ADDRESS(ROW(),COLUMN(),4)=$CB$5,1,999) -> 999 | ... BX1: =IF(ADDRESS(ROW(),COLUMN(),4)=$CB$5,1,999) -> 999
A2: =IF(ADDRESS(ROW(),COLUMN(),4)=$CB$5,1,999) -> 999 | B2: =IF(ADDRESS(ROW(),COLUMN(),4)=$CB$5,1,999) -> 999 | C2: =IF(ADDRESS(ROW(),COLUMN(),4)=$CB$5,1,999) -> 999 | D2: =IF(ADDRESS(ROW(),COLUMN(),4)=$CB$5,1,999) -> 999 | E2: =IF(ADDRESS(ROW(),COLUMN(),4)=$CB$5,1,999) -> 999 | F2: =IF(ADDRESS(ROW(),COLUMN(),4)=$CB$5,1,999) -> 999 | G2: =IF(ADDRESS(ROW(),COLUMN(),4)=$CB$5,1,999) -> 999 | H2: =IF(ADDRESS(ROW(),COLUMN(),4)=$CB$5,1,999) -> 999 | ... BX2: =IF(ADDRESS(ROW(),COLUMN(),4)=$CB$5,1,999) -> 999
A3: =IF(ADDRESS(ROW(),COLUMN(),4)=$CB$5,1,999) -> 999 | B3: =IF(ADDRESS(ROW(),COLUMN(),4)=$CB$5,1,999) -> 999 | C3: =IF(ADDRESS(ROW(),COLUMN(),4)=$CB$5,1,999) -> 999 | D3: =IF(ADDRESS(ROW(),COLUMN(),4)=$CB$5,1,999) -> 999 | E3: =IF(ADDRESS(ROW(),COLUMN(),4)=$CB$5,1,999) -> 999 | F3: =IF(ADDRESS(ROW(),COLUMN(),4)=$CB$5,1,999) -> 999 | G3: =IF(ADDRESS(ROW(),COLUMN(),4)=$CB$5,1,999) -> 999 | H3: =IF(ADDRESS(ROW(),COLUMN(),4)=$CB$5,1,999) -> 999 | ... BX3: =IF(ADDRESS(ROW(),COLUMN(),4)=$CB$5,1,999) -> 999 | CA3: Beispiel7 | CB3: {=_xlfn.XLOOKUP(CA3,Case!B285:B306,Case!G285:H306)} -> Stein am Rhein | CC3: Arbon
A4: =IF(ADDRESS(ROW(),COLUMN(),4)=$CB$5,1,999) -> 999 | B4: =IF(ADDRESS(ROW(),COLUMN(),4)=$CB$5,1,999) -> 999 | C4: =IF(ADDRESS(ROW(),COLUMN(),4)=$CB$5,1,999) -> 999 | D4: =IF(ADDRESS(ROW(),COLUMN(),4)=$CB$5,1,999) -> 999 | E4: =IF(ADDRESS(ROW(),COLUMN(),4)=$CB$5,1,999) -> 999 | F4: =IF(ADDRESS(ROW(),COLUMN(),4)=$CB$5,1,999) -> 999 | G4: =IF(ADDRESS(ROW(),COLUMN(),4)=$CB$5,1,999) -> 999 | H4: =IF(ADDRESS(ROW(),COLUMN(),4)=$CB$5,1,999) -> 999 | ... BX4: =IF(ADDRESS(ROW(),COLUMN(),4)=$CB$5,1,999) -> 999
A5: =IF(ADDRESS(ROW(),COLUMN(),4)=$CB$5,1,999) -> 999 | B5: =IF(ADDRESS(ROW(),COLUMN(),4)=$CB$5,1,999) -> 999 | C5: =IF(ADDRESS(ROW(),COLUMN(),4)=$CB$5,1,999) -> 999 | D5: =IF(ADDRESS(ROW(),COLUMN(),4)=$CB$5,1,999) -> 999 | E5: =IF(ADDRESS(ROW(),COLUMN(),4)=$CB$5,1,999) -> 999 | F5: =IF(ADDRESS(ROW(),COLUMN(),4)=$CB$5,1,999) -> 999 | G5: =IF(ADDRESS(ROW(),COLUMN(),4)=$CB$5,1,999) -> 999 | H5: =IF(ADDRESS(ROW(),COLUMN(),4)=$CB$5,1,999) -> 999 | ... BX5: =IF(ADDRESS(ROW(),COLUMN(),4)=$CB$5,1,999) -> 999 | CB5: =_xlfn.XLOOKUP(CB3,K2Länder!$G:$G,K2Länder!$F:$F) -> D23 | CC5: =_xlfn.XLOOKUP(CC3,K2Länder!$G:$G,K2Länder!$F:$F) -> AV39
A6: =IF(ADDRESS(ROW(),COLUMN(),4)=$CB$5,1,999) -> 999 | B6: =IF(ADDRESS(ROW(),COLUMN(),4)=$CB$5,1,999) -> 999 | C6: =IF(ADDRESS(ROW(),COLUMN(),4)=$CB$5,1,999) -> 999 | D6: =IF(ADDRESS(ROW(),COLUMN(),4)=$CB$5,1,999) -> 999 | E6: =IF(ADDRESS(ROW(),COLUMN(),4)=$CB$5,1,999) -> 999 | F6: =IF(ADDRESS(ROW(),COLUMN(),4)=$CB$5,1,999) -> 999 | G6: =IF(ADDRESS(ROW(),COLUMN(),4)=$CB$5,1,999) -> 999 | H6: =IF(ADDRESS(ROW(),COLUMN(),4)=$CB$5,1,999) -> 999 | ... Q6: =IF(ADDRESS(ROW(),COLUMN(),4)=$CB$5,1,999) -> 999 | R6: =IF(MIN(Q6,R5,S6,R7)>MIN(Q5,Q7,S5,S7),MIN(Q5,Q7,S5,S7)+SQRT(2),MIN(Q6,R5,S6,R7)+1) -> 54.870058 | S6: =IF(MIN(R6,S5,T6,S7)>MIN(R5,R7,T5,T7),MIN(R5,R7,T5,T7)+SQRT(2),MIN(R6,S5,T6,S7)+1) -> 53.870058 | T6: =IF(MIN(S6,T5,U6,T7)>MIN(S5,S7,U5,U7),MIN(S5,S7,U5,U7)+SQRT(2),MIN(S6,T5,U6,T7)+1) -> 52.870058 | U6: =IF(ADDRESS(ROW(),COLUMN(),4)=$CB$5,1,999) -> 999 | V6: =IF(ADDRESS(ROW(),COLUMN(),4)=$CB$5,1,999) -> 999 | W6: =IF(ADDRESS(ROW(),COLUMN(),4)=$CB$5,1,999) -> 999 | X6: =IF(ADDRESS(ROW(),COLUMN(),4)=$CB$5,1,999) -> 999 | Y6: =IF(ADDRESS(ROW(),COLUMN(),4)=$CB$5,1,999) -> 999 | Z6: =IF(ADDRESS(ROW(),COLUMN(),4)=$CB$5,1,999) -> 999 | AA6: =IF(ADDRESS(ROW(),COLUMN(),4)=$CB$5,1,999) -> 999 | AB6: =IF(ADDRESS(ROW(),COLUMN(),4)=$CB$5,1,999) -> 999 | ... BX6: =IF(ADDRESS(ROW(),COLUMN(),4)=$CB$5,1,999) -> 999
A7: =IF(ADDRESS(ROW(),COLUMN(),4)=$CB$5,1,999) -> 999 | B7: =IF(ADDRESS(ROW(),COLUMN(),4)=$CB$5,1,999) -> 999 | C7: =IF(ADDRESS(ROW(),COLUMN(),4)=$CB$5,1,999) -> 999 | D7: =IF(ADDRESS(ROW(),COLUMN(),4)=$CB$5,1,999) -> 999 | E7: =IF(ADDRESS(ROW(),COLUMN(),4)=$CB$5,1,999) -> 999 | F7: =IF(ADDRESS(ROW(),COLUMN(),4)=$CB$5,1,999) -> 999 | G7: =IF(ADDRESS(ROW(),COLUMN(),4)=$CB$5,1,999) -> 999 | H7: =IF(ADDRESS(ROW(),COLUMN(),4)=$CB$5,1,999) -> 999 | ... Q7: =IF(ADDRESS(ROW(),COLUMN(),4)=$CB$5,1,999) -> 999 | R7: =IF(MIN(Q7,R6,S7,R8)>MIN(Q6,Q8,S6,S8),MIN(Q6,Q8,S6,S8)+SQRT(2),MIN(Q7,R6,S7,R8)+1) -> 54.455844 | S7: =IF(MIN(R7,S6,T7,S8)>MIN(R6,R8,T6,T8),MIN(R6,R8,T6,T8)+SQRT(2),MIN(R7,S6,T7,S8)+1) -> 53.455844 | T7: =IF(MIN(S7,T6,U7,T8)>MIN(S6,S8,U6,U8),MIN(S6,S8,U6,U8)+SQRT(2),MIN(S7,T6,U7,T8)+1) -> 52.455844 | U7: =IF(MIN(T7,U6,V7,U8)>MIN(T6,T8,V6,V8),MIN(T6,T8,V6,V8)+SQRT(2),MIN(T7,U6,V7,U8)+1) -> 51.455844 | V7: =IF(ADDRESS(ROW(),COLUMN(),4)=$CB$5,1,999) -> 999 | W7: =IF(ADDRESS(ROW(),COLUMN(),4)=$CB$5,1,999) -> 999 | X7: =IF(ADDRESS(ROW(),COLUMN(),4)=$CB$5,1,999) -> 999 | Y7: =IF(ADDRESS(ROW(),COLUMN(),4)=$CB$5,1,999) -> 999 | Z7: =IF(ADDRESS(ROW(),COLUMN(),4)=$CB$5,1,999) -> 999 | AA7: =IF(ADDRESS(ROW(),COLUMN(),4)=$CB$5,1,999) -> 999 | AB7: =IF(ADDRESS(ROW(),COLUMN(),4)=$CB$5,1,999) -> 999 | AC7: =IF(ADDRESS(ROW(),COLUMN(),4)=$CB$5,1,999) -> 999 | ... BX7: =IF(ADDRESS(ROW(),COLUMN(),4)=$CB$5,1,999) -> 999
A8: =IF(ADDRESS(ROW(),COLUMN(),4)=$CB$5,1,999) -> 999 | B8: =IF(ADDRESS(ROW(),COLUMN(),4)=$CB$5,1,999) -> 999 | C8: =IF(ADDRESS(ROW(),COLUMN(),4)=$CB$5,1,999) -> 999 | D8: =IF(ADDRESS(ROW(),COLUMN(),4)=$CB$5,1,999) -> 999 | E8: =IF(ADDRESS(ROW(),COLUMN(),4)=$CB$5,1,999) -> 999 | F8: =IF(ADDRESS(ROW(),COLUMN(),4)=$CB$5,1,999) -> 999 | G8: =IF(ADDRESS(ROW(),COLUMN(),4)=$CB$5,1,999) -> 999 | H8: =IF(ADDRESS(ROW(),COLUMN(),4)=$CB$5,1,999) -> 999 | ... S8: =IF(ADDRESS(ROW(),COLUMN(),4)=$CB$5,1,999) -> 999 | T8: =IF(MIN(S8,T7,U8,T9)>MIN(S7,S9,U7,U9),MIN(S7,S9,U7,U9)+SQRT(2),MIN(S8,T7,U8,T9)+1) -> 52.041631 | U8: =IF(MIN(T8,U7,V8,U9)>MIN(T7,T9,V7,V9),MIN(T7,T9,V7,V9)+SQRT(2),MIN(T8,U7,V8,U9)+1) -> 51.041631 | V8: =IF(MIN(U8,V7,W8,V9)>MIN(U7,U9,W7,W9),MIN(U7,U9,W7,W9)+SQRT(2),MIN(U8,V7,W8,V9)+1) -> 50.041631 | W8: =IF(ADDRESS(ROW(),COLUMN(),4)=$CB$5,1,999) -> 999 | X8: =IF(ADDRESS(ROW(),COLUMN(),4)=$CB$5,1,999) -> 999 | Y8: =IF(ADDRESS(ROW(),COLUMN(),4)=$CB$5,1,999) -> 999 | Z8: =IF(ADDRESS(ROW(),COLUMN(),4)=$CB$5,1,999) -> 999 | AA8: =IF(ADDRESS(ROW(),COLUMN(),4)=$CB$5,1,999) -> 999 | AB8: =IF(ADDRESS(ROW(),COLUMN(),4)=$CB$5,1,999) -> 999 | AC8: =IF(ADDRESS(ROW(),COLUMN(),4)=$CB$5,1,999) -> 999 | AD8: =IF(ADDRESS(ROW(),COLUMN(),4)=$CB$5,1,999) -> 999 | ... BX8: =IF(ADDRESS(ROW(),COLUMN(),4)=$CB$5,1,999) -> 999
A9: =IF(ADDRESS(ROW(),COLUMN(),4)=$CB$5,1,999) -> 999 | B9: =IF(ADDRESS(ROW(),COLUMN(),4)=$CB$5,1,999) -> 999 | C9: =IF(ADDRESS(ROW(),COLUMN(),4)=$CB$5,1,999) -> 999 | D9: =IF(ADDRESS(ROW(),COLUMN(),4)=$CB$5,1,999) -> 999 | E9: =IF(ADDRESS(ROW(),COLUMN(),4)=$CB$5,1,999) -> 999 | F9: =IF(ADDRESS(ROW(),COLUMN(),4)=$CB$5,1,999) -> 999 | G9: =IF(ADDRESS(ROW(),COLUMN(),4)=$CB$5,1,999) -> 999 | H9: =IF(ADDRESS(ROW(),COLUMN(),4)=$CB$5,1,999) -> 999 | ... S9: =IF(ADDRESS(ROW(),COLUMN(),4)=$CB$5,1,999) -> 999 | T9: =IF(MIN(S9,T8,U9,T10)>MIN(S8,S10,U8,U10),MIN(S8,S10,U8,U10)+SQRT(2),MIN(S9,T8,U9,T10)+1) -> 51.627417 | U9: =IF(MIN(T9,U8,V9,U10)>MIN(T8,T10,V8,V10),MIN(T8,T10,V8,V10)+SQRT(2),MIN(T9,U8,V9,U10)+1) -> 50.627417 | V9: =IF(MIN(U9,V8,W9,V10)>MIN(U8,U10,W8,W10),MIN(U8,U10,W8,W10)+SQRT(2),MIN(U9,V8,W9,V10)+1) -> 49.627417 | W9: =IF(MIN(V9,W8,X9,W10)>MIN(V8,V10,X8,X10),MIN(V8,V10,X8,X10)+SQRT(2),MIN(V9,W8,X9,W10)+1) -> 48.627417 | X9: =IF(MIN(W9,X8,Y9,X10)>MIN(W8,W10,Y8,Y10),MIN(W8,W10,Y8,Y10)+SQRT(2),MIN(W9,X8,Y9,X10)+1) -> 48.213203 | Y9: =IF(ADDRESS(ROW(),COLUMN(),4)=$CB$5,1,999) -> 999 | Z9: =IF(ADDRESS(ROW(),COLUMN(),4)=$CB$5,1,999) -> 999 | AA9: =IF(ADDRESS(ROW(),COLUMN(),4)=$CB$5,1,999) -> 999 | AB9: =IF(ADDRESS(ROW(),COLUMN(),4)=$CB$5,1,999) -> 999 | AC9: =IF(ADDRESS(ROW(),COLUMN(),4)=$CB$5,1,999) -> 999 | AD9: =IF(ADDRESS(ROW(),COLUMN(),4)=$CB$5,1,999) -> 999 | AE9: =IF(ADDRESS(ROW(),COLUMN(),4)=$CB$5,1,999) -> 999 | AF9: =IF(ADDRESS(ROW(),COLUMN(),4)=$CB$5,1,999) -> 999 | ... BX9: =IF(ADDRESS(ROW(),COLUMN(),4)=$CB$5,1,999) -> 999
A10: =IF(ADDRESS(ROW(),COLUMN(),4)=$CB$5,1,999) -> 999 | B10: =IF(ADDRESS(ROW(),COLUMN(),4)=$CB$5,1,999) -> 999 | C10: =IF(ADDRESS(ROW(),COLUMN(),4)=$CB$5,1,999) -> 999 | D10: =IF(ADDRESS(ROW(),COLUMN(),4)=$CB$5,1,999) -> 999 | E10: =IF(ADDRESS(ROW(),COLUMN(),4)=$CB$5,1,999) -> 999 | F10: =IF(ADDRESS(ROW(),COLUMN(),4)=$CB$5,1,999) -> 999 | G10: =IF(ADDRESS(ROW(),COLUMN(),4)=$CB$5,1,999) -> 999 | H10: =IF(ADDRESS(ROW(),COLUMN(),4)=$CB$5,1,999) -> 999 | ... T10: =IF(ADDRESS(ROW(),COLUMN(),4)=$CB$5,1,999) -> 999 | U10: =IF(MIN(T10,U9,V10,U11)>MIN(T9,T11,V9,V11),MIN(T9,T11,V9,V11)+SQRT(2),MIN(T10,U9,V10,U11)+1) -> 50.213203 | V10: =IF(MIN(U10,V9,W10,V11)>MIN(U9,U11,W9,W11),MIN(U9,U11,W9,W11)+SQRT(2),MIN(U10,V9,W10,V11)+1) -> 49.213203 | W10: =IF(MIN(V10,W9,X10,W11)>MIN(V9,V11,X9,X11),MIN(V9,V11,X9,X11)+SQRT(2),MIN(V10,W9,X10,W11)+1) -> 48.213203 | X10: =IF(MIN(W10,X9,Y10,X11)>MIN(W9,W11,Y9,Y11),MIN(W9,W11,Y9,Y11)+SQRT(2),MIN(W10,X9,Y10,X11)+1) -> 47.213203 | Y10: =IF(MIN(X10,Y9,Z10,Y11)>MIN(X9,X11,Z9,Z11),MIN(X9,X11,Z9,Z11)+SQRT(2),MIN(X10,Y9,Z10,Y11)+1) -> 46.79899 | Z10: =IF(ADDRESS(ROW(),COLUMN(),4)=$CB$5,1,999) -> 999 | AA10: =IF(ADDRESS(ROW(),COLUMN(),4)=$CB$5,1,999) -> 999 | AB10: =IF(ADDRESS(ROW(),COLUMN(),4)=$CB$5,1,999) -> 999 | AC10: =IF(ADDRESS(ROW(),COLUMN(),4)=$CB$5,1,999) -> 999 | AD10: =IF(ADDRESS(ROW(),COLUMN(),4)=$CB$5,1,999) -> 999 | AE10: =IF(ADDRESS(ROW(),COLUMN(),4)=$CB$5,1,999) -> 999 | AF10: =IF(ADDRESS(ROW(),COLUMN(),4)=$CB$5,1,999) -> 999 | AG10: =IF(ADDRESS(ROW(),COLUMN(),4)=$CB$5,1,999) -> 999 | ... BX10: =IF(ADDRESS(ROW(),COLUMN(),4)=$CB$5,1,999) -> 999
A11: =IF(ADDRESS(ROW(),COLUMN(),4)=$CB$5,1,999) -> 999 | B11: =IF(ADDRESS(ROW(),COLUMN(),4)=$CB$5,1,999) -> 999 | C11: =IF(ADDRESS(ROW(),COLUMN(),4)=$CB$5,1,999) -> 999 | D11: =IF(ADDRESS(ROW(),COLUMN(),4)=$CB$5,1,999) -> 999 | E11: =IF(ADDRESS(ROW(),COLUMN(),4)=$CB$5,1,999) -> 999 | F11: =IF(ADDRESS(ROW(),COLUMN(),4)=$CB$5,1,999) -> 999 | G11: =IF(ADDRESS(ROW(),COLUMN(),4)=$CB$5,1,999) -> 999 | H11: =IF(ADDRESS(ROW(),COLUMN(),4)=$CB$5,1,999) -> 999 | ... V11: =IF(ADDRESS(ROW(),COLUMN(),4)=$CB$5,1,999) -> 999 | W11: =IF(MIN(V11,W10,X11,W12)>MIN(V10,V12,X10,X12),MIN(V10,V12,X10,X12)+SQRT(2),MIN(V11,W10,X11,W12)+1) -> 47.79899 | X11: =IF(MIN(W11,X10,Y11,X12)>MIN(W10,W12,Y10,Y12),MIN(W10,W12,Y10,Y12)+SQRT(2),MIN(W11,X10,Y11,X12)+1) -> 46.79899 | Y11: =IF(MIN(X11,Y10,Z11,Y12)>MIN(X10,X12,Z10,Z12),MIN(X10,X12,Z10,Z12)+SQRT(2),MIN(X11,Y10,Z11,Y12)+1) -> 45.79899 | Z11: =IF(MIN(Y11,Z10,AA11,Z12)>MIN(Y10,Y12,AA10,AA12),MIN(Y10,Y12,AA10,AA12)+SQRT(2),MIN(Y11,Z10,AA11,Z12)+1) -> 45.384776 | AA11: =IF(ADDRESS(ROW(),COLUMN(),4)=$CB$5,1,999) -> 999 | AB11: =IF(ADDRESS(ROW(),COLUMN(),4)=$CB$5,1,999) -> 999 | AC11: =IF(ADDRESS(ROW(),COLUMN(),4)=$CB$5,1,999) -> 999 | AD11: =IF(ADDRESS(ROW(),COLUMN(),4)=$CB$5,1,999) -> 999 | AE11: =IF(ADDRESS(ROW(),COLUMN(),4)=$CB$5,1,999) -> 999 | AF11: =IF(ADDRESS(ROW(),COLUMN(),4)=$CB$5,1,999) -> 999 | AG11: =IF(ADDRESS(ROW(),COLUMN(),4)=$CB$5,1,999) -> 999 | AH11: =IF(ADDRESS(ROW(),COLUMN(),4)=$CB$5,1,999) -> 999 | ... BX11: =IF(ADDRESS(ROW(),COLUMN(),4)=$CB$5,1,999) -> 999
A12: =IF(ADDRESS(ROW(),COLUMN(),4)=$CB$5,1,999) -> 999 | B12: =IF(ADDRESS(ROW(),COLUMN(),4)=$CB$5,1,999) -> 999 | C12: =IF(ADDRESS(ROW(),COLUMN(),4)=$CB$5,1,999) -> 999 | D12: =IF(ADDRESS(ROW(),COLUMN(),4)=$CB$5,1,999) -> 999 | E12: =IF(ADDRESS(ROW(),COLUMN(),4)=$CB$5,1,999) -> 999 | F12: =IF(ADDRESS(ROW(),COLUMN(),4)=$CB$5,1,999) -> 999 | G12: =IF(ADDRESS(ROW(),COLUMN(),4)=$CB$5,1,999) -> 999 | H12: =IF(ADDRESS(ROW(),COLUMN(),4)=$CB$5,1,999) -> 999 | ... X12: =IF(ADDRESS(ROW(),COLUMN(),4)=$CB$5,1,999) -> 999 | Y12: =IF(MIN(X12,Y11,Z12,Y13)>MIN(X11,X13,Z11,Z13),MIN(X11,X13,Z11,Z13)+SQRT(2),MIN(X12,Y11,Z12,Y13)+1) -> 45.384776 | Z12: =IF(MIN(Y12,Z11,AA12,Z13)>MIN(Y11,Y13,AA11,AA13),MIN(Y11,Y13,AA11,AA13)+SQRT(2),MIN(Y12,Z11,AA12,Z13)+1) -> 44.384776 | AA12: =IF(MIN(Z12,AA11,AB12,AA13)>MIN(Z11,Z13,AB11,AB13),MIN(Z11,Z13,AB11,AB13)+SQRT(2),MIN(Z12,AA11,AB12,AA13)+1) -> 43.970563 | AB12: =IF(MIN(AA12,AB11,AC12,AB13)>MIN(AA11,AA13,AC11,AC13),MIN(AA11,AA13,AC11,AC13)+SQRT(2),MIN(AA12,AB11,AC12,AB13)+1) -> 43.556349 | AC12: =IF(ADDRESS(ROW(),COLUMN(),4)=$CB$5,1,999) -> 999 | AD12: =IF(ADDRESS(ROW(),COLUMN(),4)=$CB$5,1,999) -> 999 | AE12: =IF(ADDRESS(ROW(),COLUMN(),4)=$CB$5,1,999) -> 999 | AF12: =IF(ADDRESS(ROW(),COLUMN(),4)=$CB$5,1,999) -> 999 | AG12: =IF(ADDRESS(ROW(),COLUMN(),4)=$CB$5,1,999) -> 999 | AH12: =IF(ADDRESS(ROW(),COLUMN(),4)=$CB$5,1,999) -> 999 | AI12: =IF(ADDRESS(ROW(),COLUMN(),4)=$CB$5,1,999) -> 999 | AJ12: =IF(ADDRESS(ROW(),COLUMN(),4)=$CB$5,1,999) -> 999 | ... BX12: =IF(ADDRESS(ROW(),COLUMN(),4)=$CB$5,1,999) -> 999
A13: =IF(ADDRESS(ROW(),COLUMN(),4)=$CB$5,1,999) -> 999 | B13: =IF(ADDRESS(ROW(),COLUMN(),4)=$CB$5,1,999) -> 999 | C13: =IF(ADDRESS(ROW(),COLUMN(),4)=$CB$5,1,999) -> 999 | D13: =IF(ADDRESS(ROW(),COLUMN(),4)=$CB$5,1,999) -> 999 | E13: =IF(ADDRESS(ROW(),COLUMN(),4)=$CB$5,1,999) -> 999 | F13: =IF(ADDRESS(ROW(),COLUMN(),4)=$CB$5,1,999) -> 999 | G13: =IF(ADDRESS(ROW(),COLUMN(),4)=$CB$5,1,999) -> 999 | H13: =IF(ADDRESS(ROW(),COLUMN(),4)=$CB$5,1,999) -> 999 | ... Y13: =IF(ADDRESS(ROW(),COLUMN(),4)=$CB$5,1,999) -> 999 | Z13: =IF(MIN(Y13,Z12,AA13,Z14)>MIN(Y12,Y14,AA12,AA14),MIN(Y12,Y14,AA12,AA14)+SQRT(2),MIN(Y13,Z12,AA13,Z14)+1) -> 43.970563 | AA13: =IF(MIN(Z13,AA12,AB13,AA14)>MIN(Z12,Z14,AB12,AB14),MIN(Z12,Z14,AB12,AB14)+SQRT(2),MIN(Z13,AA12,AB13,AA14)+1) -> 42.970563 | AB13: =IF(MIN(AA13,AB12,AC13,AB14)>MIN(AA12,AA14,AC12,AC14),MIN(AA12,AA14,AC12,AC14)+SQRT(2),MIN(AA13,AB12,AC13,AB14)+1) -> 42.556349 | AC13: =IF(MIN(AB13,AC12,AD13,AC14)>MIN(AB12,AB14,AD12,AD14),MIN(AB12,AB14,AD12,AD14)+SQRT(2),MIN(AB13,AC12,AD13,AC14)+1) -> 42.142136 | AD13: =IF(MIN(AC13,AD12,AE13,AD14)>MIN(AC12,AC14,AE12,AE14),MIN(AC12,AC14,AE12,AE14)+SQRT(2),MIN(AC13,AD12,AE13,AD14)+1) -> 41.727922 | AE13: =IF(ADDRESS(ROW(),COLUMN(),4)=$CB$5,1,999) -> 999 | AF13: =IF(ADDRESS(ROW(),COLUMN(),4)=$CB$5,1,999) -> 999 | AG13: =IF(ADDRESS(ROW(),COLUMN(),4)=$CB$5,1,999) -> 999 | AH13: =IF(ADDRESS(ROW(),COLUMN(),4)=$CB$5,1,999) -> 999 | AI13: =IF(ADDRESS(ROW(),COLUMN(),4)=$CB$5,1,999) -> 999 | AJ13: =IF(ADDRESS(ROW(),COLUMN(),4)=$CB$5,1,999) -> 999 | AK13: =IF(ADDRESS(ROW(),COLUMN(),4)=$CB$5,1,999) -> 999 | AL13: =IF(ADDRESS(ROW(),COLUMN(),4)=$CB$5,1,999) -> 999 | ... BX13: =IF(ADDRESS(ROW(),COLUMN(),4)=$CB$5,1,999) -> 999
A14: =IF(ADDRESS(ROW(),COLUMN(),4)=$CB$5,1,999) -> 999 | B14: =IF(ADDRESS(ROW(),COLUMN(),4)=$CB$5,1,999) -> 999 | C14: =IF(ADDRESS(ROW(),COLUMN(),4)=$CB$5,1,999) -> 999 | D14: =IF(ADDRESS(ROW(),COLUMN(),4)=$CB$5,1,999) -> 999 | E14: =IF(ADDRESS(ROW(),COLUMN(),4)=$CB$5,1,999) -> 999 | F14: =IF(ADDRESS(ROW(),COLUMN(),4)=$CB$5,1,999) -> 999 | G14: =IF(ADDRESS(ROW(),COLUMN(),4)=$CB$5,1,999) -> 999 | H14: =IF(ADDRESS(ROW(),COLUMN(),4)=$CB$5,1,999) -> 999 | ... N14: =IF(ADDRESS(ROW(),COLUMN(),4)=$CB$5,1,999) -> 999 | O14: =IF(MIN(N14,O13,P14,O15)>MIN(N13,N15,P13,P15),MIN(N13,N15,P13,P15)+SQRT(2),MIN(N14,O13,P14,O15)+1) -> 20.899495 | P14: =IF(ADDRESS(ROW(),COLUMN(),4)=$CB$5,1,999) -> 999 | Q14: =IF(ADDRESS(ROW(),COLUMN(),4)=$CB$5,1,999) -> 999 | R14: =IF(ADDRESS(ROW(),COLUMN(),4)=$CB$5,1,999) -> 999 | S14: =IF(ADDRESS(ROW(),COLUMN(),4)=$CB$5,1,999) -> 999 | T14: =IF(ADDRESS(ROW(),COLUMN(),4)=$CB$5,1,999) -> 999 | U14: =IF(ADDRESS(ROW(),COLUMN(),4)=$CB$5,1,999) -> 999 | V14: =IF(ADDRESS(ROW(),COLUMN(),4)=$CB$5,1,999) -> 999 | W14: =IF(ADDRESS(ROW(),COLUMN(),4)=$CB$5,1,999) -> 999 | ... AA14: =IF(ADDRESS(ROW(),COLUMN(),4)=$CB$5,1,999) -> 999 | AB14: =IF(MIN(AA14,AB13,AC14,AB15)>MIN(AA13,AA15,AC13,AC15),MIN(AA13,AA15,AC13,AC15)+SQRT(2),MIN(AA14,AB13,AC14,AB15)+1) -> 41.556349 | AC14: =IF(MIN(AB14,AC13,AD14,AC15)>MIN(AB13,AB15,AD13,AD15),MIN(AB13,AB15,AD13,AD15)+SQRT(2),MIN(AB14,AC13,AD14,AC15)+1) -> 41.142136 | AD14: =IF(MIN(AC14,AD13,AE14,AD15)>MIN(AC13,AC15,AE13,AE15),MIN(AC13,AC15,AE13,AE15)+SQRT(2),MIN(AC14,AD13,AE14,AD15)+1) -> 40.727922 | AE14: =IF(MIN(AD14,AE13,AF14,AE15)>MIN(AD13,AD15,AF13,AF15),MIN(AD13,AD15,AF13,AF15)+SQRT(2),MIN(AD14,AE13,AF14,AE15)+1) -> 40.313708 | AF14: =IF(MIN(AE14,AF13,AG14,AF15)>MIN(AE13,AE15,AG13,AG15),MIN(AE13,AE15,AG13,AG15)+SQRT(2),MIN(AE14,AF13,AG14,AF15)+1) -> 39.899495 | AG14: =IF(ADDRESS(ROW(),COLUMN(),4)=$CB$5,1,999) -> 999 | AH14: =IF(ADDRESS(ROW(),COLUMN(),4)=$CB$5,1,999) -> 999 | AI14: =IF(ADDRESS(ROW(),COLUMN(),4)=$CB$5,1,999) -> 999 | AJ14: =IF(ADDRESS(ROW(),COLUMN(),4)=$CB$5,1,999) -> 999 | AK14: =IF(ADDRESS(ROW(),COLUMN(),4)=$CB$5,1,999) -> 999 | AL14: =IF(ADDRESS(ROW(),COLUMN(),4)=$CB$5,1,999) -> 999 | AM14: =IF(ADDRESS(ROW(),COLUMN(),4)=$CB$5,1,999) -> 999 | AN14: =IF(ADDRESS(ROW(),COLUMN(),4)=$CB$5,1,999) -> 999 | ... BX14: =IF(ADDRESS(ROW(),COLUMN(),4)=$CB$5,1,999) -> 999
A15: =IF(ADDRESS(ROW(),COLUMN(),4)=$CB$5,1,999) -> 999 | B15: =IF(ADDRESS(ROW(),COLUMN(),4)=$CB$5,1,999) -> 999 | C15: =IF(ADDRESS(ROW(),COLUMN(),4)=$CB$5,1,999) -> 999 | D15: =IF(ADDRESS(ROW(),COLUMN(),4)=$CB$5,1,999) -> 999 | E15: =IF(ADDRESS(ROW(),COLUMN(),4)=$CB$5,1,999) -> 999 | F15: =IF(ADDRESS(ROW(),COLUMN(),4)=$CB$5,1,999) -> 999 | G15: =IF(ADDRESS(ROW(),COLUMN(),4)=$CB$5,1,999) -> 999 | H15: =IF(ADDRESS(ROW(),COLUMN(),4)=$CB$5,1,999) -> 999 | ... J15: =IF(ADDRESS(ROW(),COLUMN(),4)=$CB$5,1,999) -> 999 | K15: =IF(MIN(J15,K14,L15,K16)>MIN(J14,J16,L14,L16),MIN(J14,J16,L14,L16)+SQRT(2),MIN(J15,K14,L15,K16)+1) -> 22.142136 | L15: =IF(MIN(K15,L14,M15,L16)>MIN(K14,K16,M14,M16),MIN(K14,K16,M14,M16)+SQRT(2),MIN(K15,L14,M15,L16)+1) -> 21.142136 | M15: =IF(MIN(L15,M14,N15,M16)>MIN(L14,L16,N14,N16),MIN(L14,L16,N14,N16)+SQRT(2),MIN(L15,M14,N15,M16)+1) -> 20.727922 | N15: =IF(MIN(M15,N14,O15,N16)>MIN(M14,M16,O14,O16),MIN(M14,M16,O14,O16)+SQRT(2),MIN(M15,N14,O15,N16)+1) -> 20.313708 | O15: =IF(ADDRESS(ROW(),COLUMN(),4)=$CB$5,1,999) -> 999 | P15: =IF(MIN(O15,P14,Q15,P16)>MIN(O14,O16,Q14,Q16),MIN(O14,O16,Q14,Q16)+SQRT(2),MIN(O15,P14,Q15,P16)+1) -> 19.485281 | Q15: =IF(MIN(P15,Q14,R15,Q16)>MIN(P14,P16,R14,R16),MIN(P14,P16,R14,R16)+SQRT(2),MIN(P15,Q14,R15,Q16)+1) -> 19.899495 | R15: =IF(ADDRESS(ROW(),COLUMN(),4)=$CB$5,1,999) -> 999 | S15: =IF(ADDRESS(ROW(),COLUMN(),4)=$CB$5,1,999) -> 999 | T15: =IF(ADDRESS(ROW(),COLUMN(),4)=$CB$5,1,999) -> 999 | U15: =IF(ADDRESS(ROW(),COLUMN(),4)=$CB$5,1,999) -> 999 | V15: =IF(ADDRESS(ROW(),COLUMN(),4)=$CB$5,1,999) -> 999 | W15: =IF(ADDRESS(ROW(),COLUMN(),4)=$CB$5,1,999) -> 999 | X15: =IF(ADDRESS(ROW(),COLUMN(),4)=$CB$5,1,999) -> 999 | Y15: =IF(ADDRESS(ROW(),COLUMN(),4)=$CB$5,1,999) -> 999 | ... AB15: =IF(ADDRESS(ROW(),COLUMN(),4)=$CB$5,1,999) -> 999 | AC15: =IF(MIN(AB15,AC14,AD15,AC16)>MIN(AB14,AB16,AD14,AD16),MIN(AB14,AB16,AD14,AD16)+SQRT(2),MIN(AB15,AC14,AD15,AC16)+1) -> 40.142136 | AD15: =IF(MIN(AC15,AD14,AE15,AD16)>MIN(AC14,AC16,AE14,AE16),MIN(AC14,AC16,AE14,AE16)+SQRT(2),MIN(AC15,AD14,AE15,AD16)+1) -> 39.727922 | AE15: =IF(MIN(AD15,AE14,AF15,AE16)>MIN(AD14,AD16,AF14,AF16),MIN(AD14,AD16,AF14,AF16)+SQRT(2),MIN(AD15,AE14,AF15,AE16)+1) -> 39.313708 | AF15: =IF(MIN(AE15,AF14,AG15,AF16)>MIN(AE14,AE16,AG14,AG16),MIN(AE14,AE16,AG14,AG16)+SQRT(2),MIN(AE15,AF14,AG15,AF16)+1) -> 38.899495 | AG15: =IF(ADDRESS(ROW(),COLUMN(),4)=$CB$5,1,999) -> 999 | AH15: =IF(ADDRESS(ROW(),COLUMN(),4)=$CB$5,1,999) -> 999 | AI15: =IF(ADDRESS(ROW(),COLUMN(),4)=$CB$5,1,999) -> 999 | AJ15: =IF(ADDRESS(ROW(),COLUMN(),4)=$CB$5,1,999) -> 999 | AK15: =IF(ADDRESS(ROW(),COLUMN(),4)=$CB$5,1,999) -> 999 | AL15: =IF(ADDRESS(ROW(),COLUMN(),4)=$CB$5,1,999) -> 999 | AM15: =IF(ADDRESS(ROW(),COLUMN(),4)=$CB$5,1,999) -> 999 | AN15: =IF(ADDRESS(ROW(),COLUMN(),4)=$CB$5,1,999) -> 999 | ... BX15: =IF(ADDRESS(ROW(),COLUMN(),4)=$CB$5,1,999) -> 999
A16: =IF(ADDRESS(ROW(),COLUMN(),4)=$CB$5,1,999) -> 999 | B16: =IF(ADDRESS(ROW(),COLUMN(),4)=$CB$5,1,999) -> 999 | C16: =IF(ADDRESS(ROW(),COLUMN(),4)=$CB$5,1,999) -> 999 | D16: =IF(ADDRESS(ROW(),COLUMN(),4)=$CB$5,1,999) -> 999 | E16: =IF(ADDRESS(ROW(),COLUMN(),4)=$CB$5,1,999) -> 999 | F16: =IF(ADDRESS(ROW(),COLUMN(),4)=$CB$5,1,999) -> 999 | G16: =IF(ADDRESS(ROW(),COLUMN(),4)=$CB$5,1,999) -> 999 | H16: =IF(ADDRESS(ROW(),COLUMN(),4)=$CB$5,1,999) -> 999 | ... K16: =IF(ADDRESS(ROW(),COLUMN(),4)=$CB$5,1,999) -> 999 | L16: =IF(MIN(K16,L15,M16,L17)>MIN(K15,K17,M15,M17),MIN(K15,K17,M15,M17)+SQRT(2),MIN(K16,L15,M16,L17)+1) -> 20.727922 | M16: =IF(MIN(L16,M15,N16,M17)>MIN(L15,L17,N15,N17),MIN(L15,L17,N15,N17)+SQRT(2),MIN(L16,M15,N16,M17)+1) -> 19.727922 | N16: =IF(MIN(M16,N15,O16,N17)>MIN(M15,M17,O15,O17),MIN(M15,M17,O15,O17)+SQRT(2),MIN(M16,N15,O16,N17)+1) -> 19.313708 | O16: =IF(MIN(N16,O15,P16,O17)>MIN(N15,N17,P15,P17),MIN(N15,N17,P15,P17)+SQRT(2),MIN(N16,O15,P16,O17)+1) -> 18.899495 | P16: =IF(MIN(O16,P15,Q16,P17)>MIN(O15,O17,Q15,Q17),MIN(O15,O17,Q15,Q17)+SQRT(2),MIN(O16,P15,Q16,P17)+1) -> 18.485281 | Q16: =IF(MIN(P16,Q15,R16,Q17)>MIN(P15,P17,R15,R17),MIN(P15,P17,R15,R17)+SQRT(2),MIN(P16,Q15,R16,Q17)+1) -> 18.899495 | R16: =IF(MIN(Q16,R15,S16,R17)>MIN(Q15,Q17,S15,S17),MIN(Q15,Q17,S15,S17)+SQRT(2),MIN(Q16,R15,S16,R17)+1) -> 19.313708 | S16: =IF(ADDRESS(ROW(),COLUMN(),4)=$CB$5,1,999) -> 999 | T16: =IF(ADDRESS(ROW(),COLUMN(),4)=$CB$5,1,999) -> 999 | U16: =IF(ADDRESS(ROW(),COLUMN(),4)=$CB$5,1,999) -> 999 | V16: =IF(ADDRESS(ROW(),COLUMN(),4)=$CB$5,1,999) -> 999 | W16: =IF(ADDRESS(ROW(),COLUMN(),4)=$CB$5,1,999) -> 999 | X16: =IF(ADDRESS(ROW(),COLUMN(),4)=$CB$5,1,999) -> 999 | Y16: =IF(ADDRESS(ROW(),COLUMN(),4)=$CB$5,1,999) -> 999 | Z16: =IF(ADDRESS(ROW(),COLUMN(),4)=$CB$5,1,999) -> 999 | ... AB16: =IF(ADDRESS(ROW(),COLUMN(),4)=$CB$5,1,999) -> 999 | AC16: =IF(MIN(AB16,AC15,AD16,AC17)>MIN(AB15,AB17,AD15,AD17),MIN(AB15,AB17,AD15,AD17)+SQRT(2),MIN(AB16,AC15,AD16,AC17)+1) -> 39.142136 | AD16: =IF(MIN(AC16,AD15,AE16,AD17)>MIN(AC15,AC17,AE15,AE17),MIN(AC15,AC17,AE15,AE17)+SQRT(2),MIN(AC16,AD15,AE16,AD17)+1) -> 38.727922 | AE16: =IF(MIN(AD16,AE15,AF16,AE17)>MIN(AD15,AD17,AF15,AF17),MIN(AD15,AD17,AF15,AF17)+SQRT(2),MIN(AD16,AE15,AF16,AE17)+1) -> 38.313708 | AF16: =IF(MIN(AE16,AF15,AG16,AF17)>MIN(AE15,AE17,AG15,AG17),MIN(AE15,AE17,AG15,AG17)+SQRT(2),MIN(AE16,AF15,AG16,AF17)+1) -> 37.899495 | AG16: =IF(ADDRESS(ROW(),COLUMN(),4)=$CB$5,1,999) -> 999 | AH16: =IF(ADDRESS(ROW(),COLUMN(),4)=$CB$5,1,999) -> 999 | AI16: =IF(ADDRESS(ROW(),COLUMN(),4)=$CB$5,1,999) -> 999 | AJ16: =IF(ADDRESS(ROW(),COLUMN(),4)=$CB$5,1,999) -> 999 | AK16: =IF(ADDRESS(ROW(),COLUMN(),4)=$CB$5,1,999) -> 999 | AL16: =IF(ADDRESS(ROW(),COLUMN(),4)=$CB$5,1,999) -> 999 | AM16: =IF(ADDRESS(ROW(),COLUMN(),4)=$CB$5,1,999) -> 999 | AN16: =IF(ADDRESS(ROW(),COLUMN(),4)=$CB$5,1,999) -> 999 | ... BX16: =IF(ADDRESS(ROW(),COLUMN(),4)=$CB$5,1,999) -> 999 | CB16: =MIN(BZ19:CB19,BZ21:CB21,BZ20,CB20)+1 -> 1
A17: =IF(ADDRESS(ROW(),COLUMN(),4)=$CB$5,1,999) -> 999 | B17: =IF(ADDRESS(ROW(),COLUMN(),4)=$CB$5,1,999) -> 999 | C17: =IF(ADDRESS(ROW(),COLUMN(),4)=$CB$5,1,999) -> 999 | D17: =IF(ADDRESS(ROW(),COLUMN(),4)=$CB$5,1,999) -> 999 | E17: =IF(ADDRESS(ROW(),COLUMN(),4)=$CB$5,1,999) -> 999 | F17: =IF(ADDRESS(ROW(),COLUMN(),4)=$CB$5,1,999) -> 999 | G17: =IF(ADDRESS(ROW(),COLUMN(),4)=$CB$5,1,999) -> 999 | H17: =IF(ADDRESS(ROW(),COLUMN(),4)=$CB$5,1,999) -> 999 | ... M17: =IF(ADDRESS(ROW(),COLUMN(),4)=$CB$5,1,999) -> 999 | N17: =IF(MIN(M17,N16,O17,N18)>MIN(M16,M18,O16,O18),MIN(M16,M18,O16,O18)+SQRT(2),MIN(M17,N16,O17,N18)+1) -> 18.313708 | O17: =IF(MIN(N17,O16,P17,O18)>MIN(N16,N18,P16,P18),MIN(N16,N18,P16,P18)+SQRT(2),MIN(N17,O16,P17,O18)+1) -> 17.899495 | P17: =IF(MIN(O17,P16,Q17,P18)>MIN(O16,O18,Q16,Q18),MIN(O16,O18,Q16,Q18)+SQRT(2),MIN(O17,P16,Q17,P18)+1) -> 17.485281 | Q17: =IF(MIN(P17,Q16,R17,Q18)>MIN(P16,P18,R16,R18),MIN(P16,P18,R16,R18)+SQRT(2),MIN(P17,Q16,R17,Q18)+1) -> 17.899495 | R17: =IF(MIN(Q17,R16,S17,R18)>MIN(Q16,Q18,S16,S18),MIN(Q16,Q18,S16,S18)+SQRT(2),MIN(Q17,R16,S17,R18)+1) -> 18.313708 | S17: =IF(MIN(R17,S16,T17,S18)>MIN(R16,R18,T16,T18),MIN(R16,R18,T16,T18)+SQRT(2),MIN(R17,S16,T17,S18)+1) -> 19.313708 | T17: =IF(MIN(S17,T16,U17,T18)>MIN(S16,S18,U16,U18),MIN(S16,S18,U16,U18)+SQRT(2),MIN(S17,T16,U17,T18)+1) -> 20.313708 | U17: =IF(ADDRESS(ROW(),COLUMN(),4)=$CB$5,1,999) -> 999 | V17: =IF(ADDRESS(ROW(),COLUMN(),4)=$CB$5,1,999) -> 999 | W17: =IF(ADDRESS(ROW(),COLUMN(),4)=$CB$5,1,999) -> 999 | X17: =IF(ADDRESS(ROW(),COLUMN(),4)=$CB$5,1,999) -> 999 | Y17: =IF(ADDRESS(ROW(),COLUMN(),4)=$CB$5,1,999) -> 999 | Z17: =IF(ADDRESS(ROW(),COLUMN(),4)=$CB$5,1,999) -> 999 | AA17: =IF(ADDRESS(ROW(),COLUMN(),4)=$CB$5,1,999) -> 999 | AB17: =IF(ADDRESS(ROW(),COLUMN(),4)=$CB$5,1,999) -> 999 | AC17: =IF(MIN(AB17,AC16,AD17,AC18)>MIN(AB16,AB18,AD16,AD18),MIN(AB16,AB18,AD16,AD18)+SQRT(2),MIN(AB17,AC16,AD17,AC18)+1) -> 38.142136 | AD17: =IF(MIN(AC17,AD16,AE17,AD18)>MIN(AC16,AC18,AE16,AE18),MIN(AC16,AC18,AE16,AE18)+SQRT(2),MIN(AC17,AD16,AE17,AD18)+1) -> 37.727922 | AE17: =IF(MIN(AD17,AE16,AF17,AE18)>MIN(AD16,AD18,AF16,AF18),MIN(AD16,AD18,AF16,AF18)+SQRT(2),MIN(AD17,AE16,AF17,AE18)+1) -> 37.313708 | AF17: =IF(MIN(AE17,AF16,AG17,AF18)>MIN(AE16,AE18,AG16,AG18),MIN(AE16,AE18,AG16,AG18)+SQRT(2),MIN(AE17,AF16,AG17,AF18)+1) -> 36.899495 | AG17: =IF(MIN(AF17,AG16,AH17,AG18)>MIN(AF16,AF18,AH16,AH18),MIN(AF16,AF18,AH16,AH18)+SQRT(2),MIN(AF17,AG16,AH17,AG18)+1) -> 37.313708 | AH17: =IF(ADDRESS(ROW(),COLUMN(),4)=$CB$5,1,999) -> 999 | AI17: =IF(ADDRESS(ROW(),COLUMN(),4)=$CB$5,1,999) -> 999 | AJ17: =IF(ADDRESS(ROW(),COLUMN(),4)=$CB$5,1,999) -> 999 | AK17: =IF(ADDRESS(ROW(),COLUMN(),4)=$CB$5,1,999) -> 999 | AL17: =IF(ADDRESS(ROW(),COLUMN(),4)=$CB$5,1,999) -> 999 | AM17: =IF(ADDRESS(ROW(),COLUMN(),4)=$CB$5,1,999) -> 999 | AN17: =IF(ADDRESS(ROW(),COLUMN(),4)=$CB$5,1,999) -> 999 | AO17: =IF(ADDRESS(ROW(),COLUMN(),4)=$CB$5,1,999) -> 999 | ... BX17: =IF(ADDRESS(ROW(),COLUMN(),4)=$CB$5,1,999) -> 999
A18: =IF(ADDRESS(ROW(),COLUMN(),4)=$CB$5,1,999) -> 999 | B18: =IF(ADDRESS(ROW(),COLUMN(),4)=$CB$5,1,999) -> 999 | C18: =IF(ADDRESS(ROW(),COLUMN(),4)=$CB$5,1,999) -> 999 | D18: =IF(ADDRESS(ROW(),COLUMN(),4)=$CB$5,1,999) -> 999 | E18: =IF(ADDRESS(ROW(),COLUMN(),4)=$CB$5,1,999) -> 999 | F18: =IF(ADDRESS(ROW(),COLUMN(),4)=$CB$5,1,999) -> 999 | G18: =IF(ADDRESS(ROW(),COLUMN(),4)=$CB$5,1,999) -> 999 | H18: =IF(ADDRESS(ROW(),COLUMN(),4)=$CB$5,1,999) -> 999 | ... N18: =IF(ADDRESS(ROW(),COLUMN(),4)=$CB$5,1,999) -> 999 | O18: =IF(MIN(N18,O17,P18,O19)>MIN(N17,N19,P17,P19),MIN(N17,N19,P17,P19)+SQRT(2),MIN(N18,O17,P18,O19)+1) -> 16.899495 | P18: =IF(MIN(O18,P17,Q18,P19)>MIN(O17,O19,Q17,Q19),MIN(O17,O19,Q17,Q19)+SQRT(2),MIN(O18,P17,Q18,P19)+1) -> 16.485281 | Q18: =IF(MIN(P18,Q17,R18,Q19)>MIN(P17,P19,R17,R19),MIN(P17,P19,R17,R19)+SQRT(2),MIN(P18,Q17,R18,Q19)+1) -> 16.899495 | R18: =IF(MIN(Q18,R17,S18,R19)>MIN(Q17,Q19,S17,S19),MIN(Q17,Q19,S17,S19)+SQRT(2),MIN(Q18,R17,S18,R19)+1) -> 17.899495 | S18: =IF(ADDRESS(ROW(),COLUMN(),4)=$CB$5,1,999) -> 999 | T18: =IF(MIN(S18,T17,U18,T19)>MIN(S17,S19,U17,U19),MIN(S17,S19,U17,U19)+SQRT(2),MIN(S18,T17,U18,T19)+1) -> 20.727922 | U18: =IF(MIN(T18,U17,V18,U19)>MIN(T17,T19,V17,V19),MIN(T17,T19,V17,V19)+SQRT(2),MIN(T18,U17,V18,U19)+1) -> 21.727922 | V18: =IF(MIN(U18,V17,W18,V19)>MIN(U17,U19,W17,W19),MIN(U17,U19,W17,W19)+SQRT(2),MIN(U18,V17,W18,V19)+1) -> 21.899495 | W18: =IF(MIN(V18,W17,X18,W19)>MIN(V17,V19,X17,X19),MIN(V17,V19,X17,X19)+SQRT(2),MIN(V18,W17,X18,W19)+1) -> 22.899495 | X18: =IF(ADDRESS(ROW(),COLUMN(),4)=$CB$5,1,999) -> 999 | Y18: =IF(ADDRESS(ROW(),COLUMN(),4)=$CB$5,1,999) -> 999 | Z18: =IF(ADDRESS(ROW(),COLUMN(),4)=$CB$5,1,999) -> 999 | AA18: =IF(ADDRESS(ROW(),COLUMN(),4)=$CB$5,1,999) -> 999 | AB18: =IF(ADDRESS(ROW(),COLUMN(),4)=$CB$5,1,999) -> 999 | AC18: =IF(ADDRESS(ROW(),COLUMN(),4)=$CB$5,1,999) -> 999 | AD18: =IF(MIN(AC18,AD17,AE18,AD19)>MIN(AC17,AC19,AE17,AE19),MIN(AC17,AC19,AE17,AE19)+SQRT(2),MIN(AC18,AD17,AE18,AD19)+1) -> 36.727922 | AE18: =IF(MIN(AD18,AE17,AF18,AE19)>MIN(AD17,AD19,AF17,AF19),MIN(AD17,AD19,AF17,AF19)+SQRT(2),MIN(AD18,AE17,AF18,AE19)+1) -> 36.313708 | AF18: =IF(MIN(AE18,AF17,AG18,AF19)>MIN(AE17,AE19,AG17,AG19),MIN(AE17,AE19,AG17,AG19)+SQRT(2),MIN(AE18,AF17,AG18,AF19)+1) -> 35.899495 | AG18: =IF(MIN(AF18,AG17,AH18,AG19)>MIN(AF17,AF19,AH17,AH19),MIN(AF17,AF19,AH17,AH19)+SQRT(2),MIN(AF18,AG17,AH18,AG19)+1) -> 36.313708 | AH18: =IF(MIN(AG18,AH17,AI18,AH19)>MIN(AG17,AG19,AI17,AI19),MIN(AG17,AG19,AI17,AI19)+SQRT(2),MIN(AG18,AH17,AI18,AH19)+1) -> 36.727922 | AI18: =IF(ADDRESS(ROW(),COLUMN(),4)=$CB$5,1,999) -> 999 | AJ18: =IF(ADDRESS(ROW(),COLUMN(),4)=$CB$5,1,999) -> 999 | AK18: =IF(ADDRESS(ROW(),COLUMN(),4)=$CB$5,1,999) -> 999 | AL18: =IF(ADDRESS(ROW(),COLUMN(),4)=$CB$5,1,999) -> 999 | AM18: =IF(ADDRESS(ROW(),COLUMN(),4)=$CB$5,1,999) -> 999 | AN18: =IF(ADDRESS(ROW(),COLUMN(),4)=$CB$5,1,999) -> 999 | AO18: =IF(ADDRESS(ROW(),COLUMN(),4)=$CB$5,1,999) -> 999 | AP18: =IF(ADDRESS(ROW(),COLUMN(),4)=$CB$5,1,999) -> 999 | ... BX18: =IF(ADDRESS(ROW(),COLUMN(),4)=$CB$5,1,999) -> 999
A19: =IF(ADDRESS(ROW(),COLUMN(),4)=$CB$5,1,999) -> 999 | B19: =IF(ADDRESS(ROW(),COLUMN(),4)=$CB$5,1,999) -> 999 | C19: =IF(ADDRESS(ROW(),COLUMN(),4)=$CB$5,1,999) -> 999 | D19: =IF(ADDRESS(ROW(),COLUMN(),4)=$CB$5,1,999) -> 999 | E19: =IF(ADDRESS(ROW(),COLUMN(),4)=$CB$5,1,999) -> 999 | F19: =IF(ADDRESS(ROW(),COLUMN(),4)=$CB$5,1,999) -> 999 | G19: =IF(ADDRESS(ROW(),COLUMN(),4)=$CB$5,1,999) -> 999 | H19: =IF(ADDRESS(ROW(),COLUMN(),4)=$CB$5,1,999) -> 999 | ... O19: =IF(ADDRESS(ROW(),COLUMN(),4)=$CB$5,1,999) -> 999 | P19: =IF(MIN(O19,P18,Q19,P20)>MIN(O18,O20,Q18,Q20),MIN(O18,O20,Q18,Q20)+SQRT(2),MIN(O19,P18,Q19,P20)+1) -> 15.485281 | Q19: =IF(MIN(P19,Q18,R19,Q20)>MIN(P18,P20,R18,R20),MIN(P18,P20,R18,R20)+SQRT(2),MIN(P19,Q18,R19,Q20)+1) -> 16.485281 | R19: =IF(MIN(Q19,R18,S19,R20)>MIN(Q18,Q20,S18,S20),MIN(Q18,Q20,S18,S20)+SQRT(2),MIN(Q19,R18,S19,R20)+1) -> 17.485281 | S19: =IF(ADDRESS(ROW(),COLUMN(),4)=$CB$5,1,999) -> 999 | T19: =IF(ADDRESS(ROW(),COLUMN(),4)=$CB$5,1,999) -> 999 | U19: =IF(MIN(T19,U18,V19,U20)>MIN(T18,T20,V18,V20),MIN(T18,T20,V18,V20)+SQRT(2),MIN(T19,U18,V19,U20)+1) -> 20.485281 | V19: =IF(MIN(U19,V18,W19,V20)>MIN(U18,U20,W18,W20),MIN(U18,U20,W18,W20)+SQRT(2),MIN(U19,V18,W19,V20)+1) -> 21.485281 | W19: =IF(MIN(V19,W18,X19,W20)>MIN(V18,V20,X18,X20),MIN(V18,V20,X18,X20)+SQRT(2),MIN(V19,W18,X19,W20)+1) -> 22.485281 | X19: =IF(ADDRESS(ROW(),COLUMN(),4)=$CB$5,1,999) -> 999 | Y19: =IF(ADDRESS(ROW(),COLUMN(),4)=$CB$5,1,999) -> 999 | Z19: =IF(ADDRESS(ROW(),COLUMN(),4)=$CB$5,1,999) -> 999 | AA19: =IF(ADDRESS(ROW(),COLUMN(),4)=$CB$5,1,999) -> 999 | AB19: =IF(ADDRESS(ROW(),COLUMN(),4)=$CB$5,1,999) -> 999 | AC19: =IF(ADDRESS(ROW(),COLUMN(),4)=$CB$5,1,999) -> 999 | AD19: =IF(ADDRESS(ROW(),COLUMN(),4)=$CB$5,1,999) -> 999 | AE19: =IF(MIN(AD19,AE18,AF19,AE20)>MIN(AD18,AD20,AF18,AF20),MIN(AD18,AD20,AF18,AF20)+SQRT(2),MIN(AD19,AE18,AF19,AE20)+1) -> 35.313708 | AF19: =IF(MIN(AE19,AF18,AG19,AF20)>MIN(AE18,AE20,AG18,AG20),MIN(AE18,AE20,AG18,AG20)+SQRT(2),MIN(AE19,AF18,AG19,AF20)+1) -> 34.899495 | AG19: =IF(MIN(AF19,AG18,AH19,AG20)>MIN(AF18,AF20,AH18,AH20),MIN(AF18,AF20,AH18,AH20)+SQRT(2),MIN(AF19,AG18,AH19,AG20)+1) -> 35.313708 | AH19: =IF(MIN(AG19,AH18,AI19,AH20)>MIN(AG18,AG20,AI18,AI20),MIN(AG18,AG20,AI18,AI20)+SQRT(2),MIN(AG19,AH18,AI19,AH20)+1) -> 35.727922 | AI19: =IF(MIN(AH19,AI18,AJ19,AI20)>MIN(AH18,AH20,AJ18,AJ20),MIN(AH18,AH20,AJ18,AJ20)+SQRT(2),MIN(AH19,AI18,AJ19,AI20)+1) -> 36.142136 | AJ19: =IF(ADDRESS(ROW(),COLUMN(),4)=$CB$5,1,999) -> 999 | AK19: =IF(ADDRESS(ROW(),COLUMN(),4)=$CB$5,1,999) -> 999 | AL19: =IF(ADDRESS(ROW(),COLUMN(),4)=$CB$5,1,999) -> 999 | AM19: =IF(ADDRESS(ROW(),COLUMN(),4)=$CB$5,1,999) -> 999 | AN19: =IF(ADDRESS(ROW(),COLUMN(),4)=$CB$5,1,999) -> 999 | AO19: =IF(ADDRESS(ROW(),COLUMN(),4)=$CB$5,1,999) -> 999 | AP19: =IF(ADDRESS(ROW(),COLUMN(),4)=$CB$5,1,999) -> 999 | AQ19: =IF(ADDRESS(ROW(),COLUMN(),4)=$CB$5,1,999) -> 999 | ... BX19: =IF(ADDRESS(ROW(),COLUMN(),4)=$CB$5,1,999) -> 999
A20: =IF(ADDRESS(ROW(),COLUMN(),4)=$CB$5,1,999) -> 999 | B20: =IF(ADDRESS(ROW(),COLUMN(),4)=$CB$5,1,999) -> 999 | C20: =IF(ADDRESS(ROW(),COLUMN(),4)=$CB$5,1,999) -> 999 | D20: =IF(ADDRESS(ROW(),COLUMN(),4)=$CB$5,1,999) -> 999 | E20: =IF(ADDRESS(ROW(),COLUMN(),4)=$CB$5,1,999) -> 999 | F20: =IF(ADDRESS(ROW(),COLUMN(),4)=$CB$5,1,999) -> 999 | G20: =IF(ADDRESS(ROW(),COLUMN(),4)=$CB$5,1,999) -> 999 | H20: =IF(ADDRESS(ROW(),COLUMN(),4)=$CB$5,1,999) -> 999 | ... N20: =IF(ADDRESS(ROW(),COLUMN(),4)=$CB$5,1,999) -> 999 | O20: =IF(MIN(N20,O19,P20,O21)>MIN(N19,N21,P19,P21),MIN(N19,N21,P19,P21)+SQRT(2),MIN(N20,O19,P20,O21)+1) -> 14.071068 | P20: =IF(MIN(O20,P19,Q20,P21)>MIN(O19,O21,Q19,Q21),MIN(O19,O21,Q19,Q21)+SQRT(2),MIN(O20,P19,Q20,P21)+1) -> 15.071068 | Q20: =IF(MIN(P20,Q19,R20,Q21)>MIN(P19,P21,R19,R21),MIN(P19,P21,R19,R21)+SQRT(2),MIN(P20,Q19,R20,Q21)+1) -> 16.071068 | R20: =IF(MIN(Q20,R19,S20,R21)>MIN(Q19,Q21,S19,S21),MIN(Q19,Q21,S19,S21)+SQRT(2),MIN(Q20,R19,S20,R21)+1) -> 17.071068 | S20: =IF(MIN(R20,S19,T20,S21)>MIN(R19,R21,T19,T21),MIN(R19,R21,T19,T21)+SQRT(2),MIN(R20,S19,T20,S21)+1) -> 18.071068 | T20: =IF(MIN(S20,T19,U20,T21)>MIN(S19,S21,U19,U21),MIN(S19,S21,U19,U21)+SQRT(2),MIN(S20,T19,U20,T21)+1) -> 19.071068 | U20: =IF(ADDRESS(ROW(),COLUMN(),4)=$CB$5,1,999) -> 999 | V20: =IF(MIN(U20,V19,W20,V21)>MIN(U19,U21,W19,W21),MIN(U19,U21,W19,W21)+SQRT(2),MIN(U20,V19,W20,V21)+1) -> 21.071068 | W20: =IF(MIN(V20,W19,X20,W21)>MIN(V19,V21,X19,X21),MIN(V19,V21,X19,X21)+SQRT(2),MIN(V20,W19,X20,W21)+1) -> 22.071068 | X20: =IF(ADDRESS(ROW(),COLUMN(),4)=$CB$5,1,999) -> 999 | Y20: =IF(ADDRESS(ROW(),COLUMN(),4)=$CB$5,1,999) -> 999 | Z20: =IF(ADDRESS(ROW(),COLUMN(),4)=$CB$5,1,999) -> 999 | AA20: =IF(ADDRESS(ROW(),COLUMN(),4)=$CB$5,1,999) -> 999 | AB20: =IF(ADDRESS(ROW(),COLUMN(),4)=$CB$5,1,999) -> 999 | AC20: =IF(ADDRESS(ROW(),COLUMN(),4)=$CB$5,1,999) -> 999 | AD20: =IF(ADDRESS(ROW(),COLUMN(),4)=$CB$5,1,999) -> 999 | AE20: =IF(ADDRESS(ROW(),COLUMN(),4)=$CB$5,1,999) -> 999 | AF20: =IF(MIN(AE20,AF19,AG20,AF21)>MIN(AE19,AE21,AG19,AG21),MIN(AE19,AE21,AG19,AG21)+SQRT(2),MIN(AE20,AF19,AG20,AF21)+1) -> 33.899495 | AG20: =IF(MIN(AF20,AG19,AH20,AG21)>MIN(AF19,AF21,AH19,AH21),MIN(AF19,AF21,AH19,AH21)+SQRT(2),MIN(AF20,AG19,AH20,AG21)+1) -> 34.313708 | AH20: =IF(MIN(AG20,AH19,AI20,AH21)>MIN(AG19,AG21,AI19,AI21),MIN(AG19,AG21,AI19,AI21)+SQRT(2),MIN(AG20,AH19,AI20,AH21)+1) -> 34.727922 | AI20: =IF(MIN(AH20,AI19,AJ20,AI21)>MIN(AH19,AH21,AJ19,AJ21),MIN(AH19,AH21,AJ19,AJ21)+SQRT(2),MIN(AH20,AI19,AJ20,AI21)+1) -> 35.727922 | AJ20: =IF(MIN(AI20,AJ19,AK20,AJ21)>MIN(AI19,AI21,AK19,AK21),MIN(AI19,AI21,AK19,AK21)+SQRT(2),MIN(AI20,AJ19,AK20,AJ21)+1) -> 36.727922 | AK20: =IF(ADDRESS(ROW(),COLUMN(),4)=$CB$5,1,999) -> 999 | AL20: =IF(ADDRESS(ROW(),COLUMN(),4)=$CB$5,1,999) -> 999 | AM20: =IF(ADDRESS(ROW(),COLUMN(),4)=$CB$5,1,999) -> 999 | AN20: =IF(ADDRESS(ROW(),COLUMN(),4)=$CB$5,1,999) -> 999 | AO20: =IF(ADDRESS(ROW(),COLUMN(),4)=$CB$5,1,999) -> 999 | AP20: =IF(ADDRESS(ROW(),COLUMN(),4)=$CB$5,1,999) -> 999 | AQ20: =IF(ADDRESS(ROW(),COLUMN(),4)=$CB$5,1,999) -> 999 | AR20: =IF(ADDRESS(ROW(),COLUMN(),4)=$CB$5,1,999) -> 999 | ... BX20: =IF(ADDRESS(ROW(),COLUMN(),4)=$CB$5,1,999) -> 999
A21: =IF(ADDRESS(ROW(),COLUMN(),4)=$CB$5,1,999) -> 999 | B21: =IF(ADDRESS(ROW(),COLUMN(),4)=$CB$5,1,999) -> 999 | C21: =IF(ADDRESS(ROW(),COLUMN(),4)=$CB$5,1,999) -> 999 | D21: =IF(ADDRESS(ROW(),COLUMN(),4)=$CB$5,1,999) -> 999 | E21: =IF(ADDRESS(ROW(),COLUMN(),4)=$CB$5,1,999) -> 999 | F21: =IF(ADDRESS(ROW(),COLUMN(),4)=$CB$5,1,999) -> 999 | G21: =IF(ADDRESS(ROW(),COLUMN(),4)=$CB$5,1,999) -> 999 | H21: =IF(ADDRESS(ROW(),COLUMN(),4)=$CB$5,1,999) -> 999 | ... M21: =IF(ADDRESS(ROW(),COLUMN(),4)=$CB$5,1,999) -> 999 | N21: =IF(MIN(M21,N20,O21,N22)>MIN(M20,M22,O20,O22),MIN(M20,M22,O20,O22)+SQRT(2),MIN(M21,N20,O21,N22)+1) -> 12.656854 | O21: =IF(MIN(N21,O20,P21,O22)>MIN(N20,N22,P20,P22),MIN(N20,N22,P20,P22)+SQRT(2),MIN(N21,O20,P21,O22)+1) -> 13.656854 | P21: =IF(MIN(O21,P20,Q21,P22)>MIN(O20,O22,Q20,Q22),MIN(O20,O22,Q20,Q22)+SQRT(2),MIN(O21,P20,Q21,P22)+1) -> 14.656854 | Q21: =IF(MIN(P21,Q20,R21,Q22)>MIN(P20,P22,R20,R22),MIN(P20,P22,R20,R22)+SQRT(2),MIN(P21,Q20,R21,Q22)+1) -> 15.656854 | R21: =IF(MIN(Q21,R20,S21,R22)>MIN(Q20,Q22,S20,S22),MIN(Q20,Q22,S20,S22)+SQRT(2),MIN(Q21,R20,S21,R22)+1) -> 16.656854 | S21: =IF(MIN(R21,S20,T21,S22)>MIN(R20,R22,T20,T22),MIN(R20,R22,T20,T22)+SQRT(2),MIN(R21,S20,T21,S22)+1) -> 17.656854 | T21: =IF(MIN(S21,T20,U21,T22)>MIN(S20,S22,U20,U22),MIN(S20,S22,U20,U22)+SQRT(2),MIN(S21,T20,U21,T22)+1) -> 18.656854 | U21: =IF(MIN(T21,U20,V21,U22)>MIN(T20,T22,V20,V22),MIN(T20,T22,V20,V22)+SQRT(2),MIN(T21,U20,V21,U22)+1) -> 19.656854 | ... X21: =IF(MIN(W21,X20,Y21,X22)>MIN(W20,W22,Y20,Y22),MIN(W20,W22,Y20,Y22)+SQRT(2),MIN(W21,X20,Y21,X22)+1) -> 22.656854 | Y21: =IF(ADDRESS(ROW(),COLUMN(),4)=$CB$5,1,999) -> 999 | Z21: =IF(ADDRESS(ROW(),COLUMN(),4)=$CB$5,1,999) -> 999 | AA21: =IF(ADDRESS(ROW(),COLUMN(),4)=$CB$5,1,999) -> 999 | AB21: =IF(ADDRESS(ROW(),COLUMN(),4)=$CB$5,1,999) -> 999 | AC21: =IF(ADDRESS(ROW(),COLUMN(),4)=$CB$5,1,999) -> 999 | AD21: =IF(ADDRESS(ROW(),COLUMN(),4)=$CB$5,1,999) -> 999 | AE21: =IF(ADDRESS(ROW(),COLUMN(),4)=$CB$5,1,999) -> 999 | AF21: =IF(MIN(AE21,AF20,AG21,AF22)>MIN(AE20,AE22,AG20,AG22),MIN(AE20,AE22,AG20,AG22)+SQRT(2),MIN(AE21,AF20,AG21,AF22)+1) -> 32.899495 | AG21: =IF(MIN(AF21,AG20,AH21,AG22)>MIN(AF20,AF22,AH20,AH22),MIN(AF20,AF22,AH20,AH22)+SQRT(2),MIN(AF21,AG20,AH21,AG22)+1) -> 33.313708 | AH21: =IF(MIN(AG21,AH20,AI21,AH22)>MIN(AG20,AG22,AI20,AI22),MIN(AG20,AG22,AI20,AI22)+SQRT(2),MIN(AG21,AH20,AI21,AH22)+1) -> 34.313708 | AI21: =IF(MIN(AH21,AI20,AJ21,AI22)>MIN(AH20,AH22,AJ20,AJ22),MIN(AH20,AH22,AJ20,AJ22)+SQRT(2),MIN(AH21,AI20,AJ21,AI22)+1) -> 35.313708 | AJ21: =IF(MIN(AI21,AJ20,AK21,AJ22)>MIN(AI20,AI22,AK20,AK22),MIN(AI20,AI22,AK20,AK22)+SQRT(2),MIN(AI21,AJ20,AK21,AJ22)+1) -> 36.313708 | AK21: =IF(MIN(AJ21,AK20,AL21,AK22)>MIN(AJ20,AJ22,AL20,AL22),MIN(AJ20,AJ22,AL20,AL22)+SQRT(2),MIN(AJ21,AK20,AL21,AK22)+1) -> 37.313708 | AL21: =IF(MIN(AK21,AL20,AM21,AL22)>MIN(AK20,AK22,AM20,AM22),MIN(AK20,AK22,AM20,AM22)+SQRT(2),MIN(AK21,AL20,AM21,AL22)+1) -> 38.313708 | AM21: =IF(ADDRESS(ROW(),COLUMN(),4)=$CB$5,1,999) -> 999 | AN21: =IF(ADDRESS(ROW(),COLUMN(),4)=$CB$5,1,999) -> 999 | AO21: =IF(ADDRESS(ROW(),COLUMN(),4)=$CB$5,1,999) -> 999 | AP21: =IF(ADDRESS(ROW(),COLUMN(),4)=$CB$5,1,999) -> 999 | AQ21: =IF(ADDRESS(ROW(),COLUMN(),4)=$CB$5,1,999) -> 999 | AR21: =IF(ADDRESS(ROW(),COLUMN(),4)=$CB$5,1,999) -> 999 | AS21: =IF(ADDRESS(ROW(),COLUMN(),4)=$CB$5,1,999) -> 999 | AT21: =IF(ADDRESS(ROW(),COLUMN(),4)=$CB$5,1,999) -> 999 | ... BX21: =IF(ADDRESS(ROW(),COLUMN(),4)=$CB$5,1,999) -> 999
A22: =IF(ADDRESS(ROW(),COLUMN(),4)=$CB$5,1,999) -> 999 | B22: =IF(ADDRESS(ROW(),COLUMN(),4)=$CB$5,1,999) -> 999 | C22: =IF(ADDRESS(ROW(),COLUMN(),4)=$CB$5,1,999) -> 999 | D22: =IF(ADDRESS(ROW(),COLUMN(),4)=$CB$5,1,999) -> 999 | E22: =IF(ADDRESS(ROW(),COLUMN(),4)=$CB$5,1,999) -> 999 | F22: =IF(ADDRESS(ROW(),COLUMN(),4)=$CB$5,1,999) -> 999 | G22: =IF(ADDRESS(ROW(),COLUMN(),4)=$CB$5,1,999) -> 999 | H22: =IF(ADDRESS(ROW(),COLUMN(),4)=$CB$5,1,999) -> 999 | ... K22: =IF(ADDRESS(ROW(),COLUMN(),4)=$CB$5,1,999) -> 999 | L22: =IF(MIN(K22,L21,M22,L23)>MIN(K21,K23,M21,M23),MIN(K21,K23,M21,M23)+SQRT(2),MIN(K22,L21,M22,L23)+1) -> 10.242641 | M22: =IF(MIN(L22,M21,N22,M23)>MIN(L21,L23,N21,N23),MIN(L21,L23,N21,N23)+SQRT(2),MIN(L22,M21,N22,M23)+1) -> 11.242641 | N22: =IF(MIN(M22,N21,O22,N23)>MIN(M21,M23,O21,O23),MIN(M21,M23,O21,O23)+SQRT(2),MIN(M22,N21,O22,N23)+1) -> 12.242641 | O22: =IF(ADDRESS(ROW(),COLUMN(),4)=$CB$5,1,999) -> 999 | P22: =IF(ADDRESS(ROW(),COLUMN(),4)=$CB$5,1,999) -> 999 | Q22: =IF(ADDRESS(ROW(),COLUMN(),4)=$CB$5,1,999) -> 999 | R22: =IF(ADDRESS(ROW(),COLUMN(),4)=$CB$5,1,999) -> 999 | S22: =IF(ADDRESS(ROW(),COLUMN(),4)=$CB$5,1,999) -> 999 | T22: =IF(ADDRESS(ROW(),COLUMN(),4)=$CB$5,1,999) -> 999 | U22: =IF(ADDRESS(ROW(),COLUMN(),4)=$CB$5,1,999) -> 999 | V22: =IF(ADDRESS(ROW(),COLUMN(),4)=$CB$5,1,999) -> 999 | W22: =IF(MIN(V22,W21,X22,W23)>MIN(V21,V23,X21,X23),MIN(V21,V23,X21,X23)+SQRT(2),MIN(V22,W21,X22,W23)+1) -> 22.071068 | X22: =IF(MIN(W22,X21,Y22,X23)>MIN(W21,W23,Y21,Y23),MIN(W21,W23,Y21,Y23)+SQRT(2),MIN(W22,X21,Y22,X23)+1) -> 23.071068 | Y22: =IF(MIN(X22,Y21,Z22,Y23)>MIN(X21,X23,Z21,Z23),MIN(X21,X23,Z21,Z23)+SQRT(2),MIN(X22,Y21,Z22,Y23)+1) -> 24.071068 | Z22: =IF(MIN(Y22,Z21,AA22,Z23)>MIN(Y21,Y23,AA21,AA23),MIN(Y21,Y23,AA21,AA23)+SQRT(2),MIN(Y22,Z21,AA22,Z23)+1) -> 25.071068 | AA22: =IF(MIN(Z22,AA21,AB22,AA23)>MIN(Z21,Z23,AB21,AB23),MIN(Z21,Z23,AB21,AB23)+SQRT(2),MIN(Z22,AA21,AB22,AA23)+1) -> 26.071068 | AB22: =IF(MIN(AA22,AB21,AC22,AB23)>MIN(AA21,AA23,AC21,AC23),MIN(AA21,AA23,AC21,AC23)+SQRT(2),MIN(AA22,AB21,AC22,AB23)+1) -> 27.071068 | AC22: =IF(MIN(AB22,AC21,AD22,AC23)>MIN(AB21,AB23,AD21,AD23),MIN(AB21,AB23,AD21,AD23)+SQRT(2),MIN(AB22,AC21,AD22,AC23)+1) -> 28.071068 | AD22: =IF(ADDRESS(ROW(),COLUMN(),4)=$CB$5,1,999) -> 999 | AE22: =IF(ADDRESS(ROW(),COLUMN(),4)=$CB$5,1,999) -> 999 | AF22: =IF(MIN(AE22,AF21,AG22,AF23)>MIN(AE21,AE23,AG21,AG23),MIN(AE21,AE23,AG21,AG23)+SQRT(2),MIN(AE22,AF21,AG22,AF23)+1) -> 31.899495 | AG22: =IF(MIN(AF22,AG21,AH22,AG23)>MIN(AF21,AF23,AH21,AH23),MIN(AF21,AF23,AH21,AH23)+SQRT(2),MIN(AF22,AG21,AH22,AG23)+1) -> 32.899495 | AH22: =IF(MIN(AG22,AH21,AI22,AH23)>MIN(AG21,AG23,AI21,AI23),MIN(AG21,AG23,AI21,AI23)+SQRT(2),MIN(AG22,AH21,AI22,AH23)+1) -> 33.899495 | AI22: =IF(MIN(AH22,AI21,AJ22,AI23)>MIN(AH21,AH23,AJ21,AJ23),MIN(AH21,AH23,AJ21,AJ23)+SQRT(2),MIN(AH22,AI21,AJ22,AI23)+1) -> 34.899495 | AJ22: =IF(MIN(AI22,AJ21,AK22,AJ23)>MIN(AI21,AI23,AK21,AK23),MIN(AI21,AI23,AK21,AK23)+SQRT(2),MIN(AI22,AJ21,AK22,AJ23)+1) -> 35.899495 | AK22: =IF(MIN(AJ22,AK21,AL22,AK23)>MIN(AJ21,AJ23,AL21,AL23),MIN(AJ21,AJ23,AL21,AL23)+SQRT(2),MIN(AJ22,AK21,AL22,AK23)+1) -> 36.899495 | AL22: =IF(MIN(AK22,AL21,AM22,AL23)>MIN(AK21,AK23,AM21,AM23),MIN(AK21,AK23,AM21,AM23)+SQRT(2),MIN(AK22,AL21,AM22,AL23)+1) -> 37.899495 | AM22: =IF(MIN(AL22,AM21,AN22,AM23)>MIN(AL21,AL23,AN21,AN23),MIN(AL21,AL23,AN21,AN23)+SQRT(2),MIN(AL22,AM21,AN22,AM23)+1) -> 38.899495 | AN22: =IF(MIN(AM22,AN21,AO22,AN23)>MIN(AM21,AM23,AO21,AO23),MIN(AM21,AM23,AO21,AO23)+SQRT(2),MIN(AM22,AN21,AO22,AN23)+1) -> 39.899495 | AO22: =IF(ADDRESS(ROW(),COLUMN(),4)=$CB$5,1,999) -> 999 | AP22: =IF(ADDRESS(ROW(),COLUMN(),4)=$CB$5,1,999) -> 999 | AQ22: =IF(ADDRESS(ROW(),COLUMN(),4)=$CB$5,1,999) -> 999 | AR22: =IF(ADDRESS(ROW(),COLUMN(),4)=$CB$5,1,999) -> 999 | AS22: =IF(MIN(AR22,AS21,AT22,AS23)>MIN(AR21,AR23,AT21,AT23),MIN(AR21,AR23,AT21,AT23)+SQRT(2),MIN(AR22,AS21,AT22,AS23)+1) -> 44.899495 | AT22: =IF(MIN(AS22,AT21,AU22,AT23)>MIN(AS21,AS23,AU21,AU23),MIN(AS21,AS23,AU21,AU23)+SQRT(2),MIN(AS22,AT21,AU22,AT23)+1) -> 45.899495 | AU22: =IF(MIN(AT22,AU21,AV22,AU23)>MIN(AT21,AT23,AV21,AV23),MIN(AT21,AT23,AV21,AV23)+SQRT(2),MIN(AT22,AU21,AV22,AU23)+1) -> 46.899495 | AV22: =IF(ADDRESS(ROW(),COLUMN(),4)=$CB$5,1,999) -> 999 | AW22: =IF(ADDRESS(ROW(),COLUMN(),4)=$CB$5,1,999) -> 999 | AX22: =IF(ADDRESS(ROW(),COLUMN(),4)=$CB$5,1,999) -> 999 | AY22: =IF(ADDRESS(ROW(),COLUMN(),4)=$CB$5,1,999) -> 999 | AZ22: =IF(ADDRESS(ROW(),COLUMN(),4)=$CB$5,1,999) -> 999 | BA22: =IF(ADDRESS(ROW(),COLUMN(),4)=$CB$5,1,999) -> 999 | BB22: =IF(ADDRESS(ROW(),COLUMN(),4)=$CB$5,1,999) -> 999 | BC22: =IF(ADDRESS(ROW(),COLUMN(),4)=$CB$5,1,999) -> 999 | ... BX22: =IF(ADDRESS(ROW(),COLUMN(),4)=$CB$5,1,999) -> 999
A23: =IF(ADDRESS(ROW(),COLUMN(),4)=$CB$5,1,999) -> 999 | B23: =IF(ADDRESS(ROW(),COLUMN(),4)=$CB$5,1,999) -> 999 | C23: =IF(ADDRESS(ROW(),COLUMN(),4)=$CB$5,1,999) -> 999 | D23: =IF(ADDRESS(ROW(),COLUMN(),4)=$CB$5,1,999) -> 1 | E23: =IF(MIN(D23,E22,F23,E24)>MIN(D22,D24,F22,F24),MIN(D22,D24,F22,F24)+SQRT(2),MIN(D23,E22,F23,E24)+1) -> 2 | F23: =IF(MIN(E23,F22,G23,F24)>MIN(E22,E24,G22,G24),MIN(E22,E24,G22,G24)+SQRT(2),MIN(E23,F22,G23,F24)+1) -> 3 | G23: =IF(ADDRESS(ROW(),COLUMN(),4)=$CB$5,1,999) -> 999 | H23: =IF(ADDRESS(ROW(),COLUMN(),4)=$CB$5,1,999) -> 999 | I23: =IF(MIN(H23,I22,J23,I24)>MIN(H22,H24,J22,J24),MIN(H22,H24,J22,J24)+SQRT(2),MIN(H23,I22,J23,I24)+1) -> 6.8284271 | J23: =IF(MIN(I23,J22,K23,J24)>MIN(I22,I24,K22,K24),MIN(I22,I24,K22,K24)+SQRT(2),MIN(I23,J22,K23,J24)+1) -> 7.8284271 | K23: =IF(MIN(J23,K22,L23,K24)>MIN(J22,J24,L22,L24),MIN(J22,J24,L22,L24)+SQRT(2),MIN(J23,K22,L23,K24)+1) -> 8.8284271 | L23: =IF(MIN(K23,L22,M23,L24)>MIN(K22,K24,M22,M24),MIN(K22,K24,M22,M24)+SQRT(2),MIN(K23,L22,M23,L24)+1) -> 9.8284271 | M23: =IF(ADDRESS(ROW(),COLUMN(),4)=$CB$5,1,999) -> 999 | N23: =IF(ADDRESS(ROW(),COLUMN(),4)=$CB$5,1,999) -> 999 | O23: =IF(ADDRESS(ROW(),COLUMN(),4)=$CB$5,1,999) -> 999 | P23: =IF(ADDRESS(ROW(),COLUMN(),4)=$CB$5,1,999) -> 999 | Q23: =IF(ADDRESS(ROW(),COLUMN(),4)=$CB$5,1,999) -> 999 | R23: =IF(ADDRESS(ROW(),COLUMN(),4)=$CB$5,1,999) -> 999 | S23: =IF(ADDRESS(ROW(),COLUMN(),4)=$CB$5,1,999) -> 999 | T23: =IF(ADDRESS(ROW(),COLUMN(),4)=$CB$5,1,999) -> 999 | ... AB23: =IF(ADDRESS(ROW(),COLUMN(),4)=$CB$5,1,999) -> 999 | AC23: =IF(MIN(AB23,AC22,AD23,AC24)>MIN(AB22,AB24,AD22,AD24),MIN(AB22,AB24,AD22,AD24)+SQRT(2),MIN(AB23,AC22,AD23,AC24)+1) -> 28.485281 | AD23: =IF(MIN(AC23,AD22,AE23,AD24)>MIN(AC22,AC24,AE22,AE24),MIN(AC22,AC24,AE22,AE24)+SQRT(2),MIN(AC23,AD22,AE23,AD24)+1) -> 29.485281 | AE23: =IF(MIN(AD23,AE22,AF23,AE24)>MIN(AD22,AD24,AF22,AF24),MIN(AD22,AD24,AF22,AF24)+SQRT(2),MIN(AD23,AE22,AF23,AE24)+1) -> 30.485281 | AF23: =IF(MIN(AE23,AF22,AG23,AF24)>MIN(AE22,AE24,AG22,AG24),MIN(AE22,AE24,AG22,AG24)+SQRT(2),MIN(AE23,AF22,AG23,AF24)+1) -> 31.485281 | AG23: =IF(MIN(AF23,AG22,AH23,AG24)>MIN(AF22,AF24,AH22,AH24),MIN(AF22,AF24,AH22,AH24)+SQRT(2),MIN(AF23,AG22,AH23,AG24)+1) -> 32.485281 | AH23: =IF(MIN(AG23,AH22,AI23,AH24)>MIN(AG22,AG24,AI22,AI24),MIN(AG22,AG24,AI22,AI24)+SQRT(2),MIN(AG23,AH22,AI23,AH24)+1) -> 33.485281 | AI23: =IF(MIN(AH23,AI22,AJ23,AI24)>MIN(AH22,AH24,AJ22,AJ24),MIN(AH22,AH24,AJ22,AJ24)+SQRT(2),MIN(AH23,AI22,AJ23,AI24)+1) -> 34.485281 | AJ23: =IF(MIN(AI23,AJ22,AK23,AJ24)>MIN(AI22,AI24,AK22,AK24),MIN(AI22,AI24,AK22,AK24)+SQRT(2),MIN(AI23,AJ22,AK23,AJ24)+1) -> 35.485281 | ... AV23: =IF(MIN(AU23,AV22,AW23,AV24)>MIN(AU22,AU24,AW22,AW24),MIN(AU22,AU24,AW22,AW24)+SQRT(2),MIN(AU23,AV22,AW23,AV24)+1) -> 47.485281 | AW23: =IF(ADDRESS(ROW(),COLUMN(),4)=$CB$5,1,999) -> 999 | AX23: =IF(ADDRESS(ROW(),COLUMN(),4)=$CB$5,1,999) -> 999 | AY23: =IF(ADDRESS(ROW(),COLUMN(),4)=$CB$5,1,999) -> 999 | AZ23: =IF(ADDRESS(ROW(),COLUMN(),4)=$CB$5,1,999) -> 999 | BA23: =IF(ADDRESS(ROW(),COLUMN(),4)=$CB$5,1,999) -> 999 | BB23: =IF(ADDRESS(ROW(),COLUMN(),4)=$CB$5,1,999) -> 999 | BC23: =IF(ADDRESS(ROW(),COLUMN(),4)=$CB$5,1,999) -> 999 | BD23: =IF(ADDRESS(ROW(),COLUMN(),4)=$CB$5,1,999) -> 999 | ... BX23: =IF(ADDRESS(ROW(),COLUMN(),4)=$CB$5,1,999) -> 999
A24: =IF(ADDRESS(ROW(),COLUMN(),4)=$CB$5,1,999) -> 999 | B24: =IF(ADDRESS(ROW(),COLUMN(),4)=$CB$5,1,999) -> 999 | C24: =IF(ADDRESS(ROW(),COLUMN(),4)=$CB$5,1,999) -> 999 | D24: =IF(ADDRESS(ROW(),COLUMN(),4)=$CB$5,1,999) -> 999 | E24: =IF(ADDRESS(ROW(),COLUMN(),4)=$CB$5,1,999) -> 999 | F24: =IF(MIN(E24,F23,G24,F25)>MIN(E23,E25,G23,G25),MIN(E23,E25,G23,G25)+SQRT(2),MIN(E24,F23,G24,F25)+1) -> 3.4142136 | G24: =IF(MIN(F24,G23,H24,G25)>MIN(F23,F25,H23,H25),MIN(F23,F25,H23,H25)+SQRT(2),MIN(F24,G23,H24,G25)+1) -> 4.4142136 | H24: =IF(MIN(G24,H23,I24,H25)>MIN(G23,G25,I23,I25),MIN(G23,G25,I23,I25)+SQRT(2),MIN(G24,H23,I24,H25)+1) -> 5.4142136 | I24: =IF(MIN(H24,I23,J24,I25)>MIN(H23,H25,J23,J25),MIN(H23,H25,J23,J25)+SQRT(2),MIN(H24,I23,J24,I25)+1) -> 6.4142136 | J24: =IF(MIN(I24,J23,K24,J25)>MIN(I23,I25,K23,K25),MIN(I23,I25,K23,K25)+SQRT(2),MIN(I24,J23,K24,J25)+1) -> 7.4142136 | K24: =IF(ADDRESS(ROW(),COLUMN(),4)=$CB$5,1,999) -> 999 | L24: =IF(ADDRESS(ROW(),COLUMN(),4)=$CB$5,1,999) -> 999 | M24: =IF(ADDRESS(ROW(),COLUMN(),4)=$CB$5,1,999) -> 999 | N24: =IF(ADDRESS(ROW(),COLUMN(),4)=$CB$5,1,999) -> 999 | O24: =IF(ADDRESS(ROW(),COLUMN(),4)=$CB$5,1,999) -> 999 | P24: =IF(ADDRESS(ROW(),COLUMN(),4)=$CB$5,1,999) -> 999 | Q24: =IF(ADDRESS(ROW(),COLUMN(),4)=$CB$5,1,999) -> 999 | R24: =IF(ADDRESS(ROW(),COLUMN(),4)=$CB$5,1,999) -> 999 | ... AD24: =IF(ADDRESS(ROW(),COLUMN(),4)=$CB$5,1,999) -> 999 | AE24: =IF(MIN(AD24,AE23,AF24,AE25)>MIN(AD23,AD25,AF23,AF25),MIN(AD23,AD25,AF23,AF25)+SQRT(2),MIN(AD24,AE23,AF24,AE25)+1) -> 30.899495 | AF24: =IF(MIN(AE24,AF23,AG24,AF25)>MIN(AE23,AE25,AG23,AG25),MIN(AE23,AE25,AG23,AG25)+SQRT(2),MIN(AE24,AF23,AG24,AF25)+1) -> 31.899495 | AG24: =IF(MIN(AF24,AG23,AH24,AG25)>MIN(AF23,AF25,AH23,AH25),MIN(AF23,AF25,AH23,AH25)+SQRT(2),MIN(AF24,AG23,AH24,AG25)+1) -> 32.899495 | AH24: =IF(MIN(AG24,AH23,AI24,AH25)>MIN(AG23,AG25,AI23,AI25),MIN(AG23,AG25,AI23,AI25)+SQRT(2),MIN(AG24,AH23,AI24,AH25)+1) -> 33.899495 | AI24: =IF(MIN(AH24,AI23,AJ24,AI25)>MIN(AH23,AH25,AJ23,AJ25),MIN(AH23,AH25,AJ23,AJ25)+SQRT(2),MIN(AH24,AI23,AJ24,AI25)+1) -> 34.899495 | AJ24: =IF(MIN(AI24,AJ23,AK24,AJ25)>MIN(AI23,AI25,AK23,AK25),MIN(AI23,AI25,AK23,AK25)+SQRT(2),MIN(AI24,AJ23,AK24,AJ25)+1) -> 35.899495 | AK24: =IF(MIN(AJ24,AK23,AL24,AK25)>MIN(AJ23,AJ25,AL23,AL25),MIN(AJ23,AJ25,AL23,AL25)+SQRT(2),MIN(AJ24,AK23,AL24,AK25)+1) -> 36.899495 | AL24: =IF(MIN(AK24,AL23,AM24,AL25)>MIN(AK23,AK25,AM23,AM25),MIN(AK23,AK25,AM23,AM25)+SQRT(2),MIN(AK24,AL23,AM24,AL25)+1) -> 37.899495 | ... BA24: =IF(MIN(AZ24,BA23,BB24,BA25)>MIN(AZ23,AZ25,BB23,BB25),MIN(AZ23,AZ25,BB23,BB25)+SQRT(2),MIN(AZ24,BA23,BB24,BA25)+1) -> 52.899495 | BB24: =IF(ADDRESS(ROW(),COLUMN(),4)=$CB$5,1,999) -> 999 | BC24: =IF(ADDRESS(ROW(),COLUMN(),4)=$CB$5,1,999) -> 999 | BD24: =IF(ADDRESS(ROW(),COLUMN(),4)=$CB$5,1,999) -> 999 | BE24: =IF(ADDRESS(ROW(),COLUMN(),4)=$CB$5,1,999) -> 999 | BF24: =IF(ADDRESS(ROW(),COLUMN(),4)=$CB$5,1,999) -> 999 | BG24: =IF(ADDRESS(ROW(),COLUMN(),4)=$CB$5,1,999) -> 999 | BH24: =IF(ADDRESS(ROW(),COLUMN(),4)=$CB$5,1,999) -> 999 | BI24: =IF(ADDRESS(ROW(),COLUMN(),4)=$CB$5,1,999) -> 999 | ... BX24: =IF(ADDRESS(ROW(),COLUMN(),4)=$CB$5,1,999) -> 999
A25: =IF(ADDRESS(ROW(),COLUMN(),4)=$CB$5,1,999) -> 999 | B25: =IF(ADDRESS(ROW(),COLUMN(),4)=$CB$5,1,999) -> 999 | C25: =IF(ADDRESS(ROW(),COLUMN(),4)=$CB$5,1,999) -> 999 | D25: =IF(ADDRESS(ROW(),COLUMN(),4)=$CB$5,1,999) -> 999 | E25: =IF(ADDRESS(ROW(),COLUMN(),4)=$CB$5,1,999) -> 999 | F25: =IF(ADDRESS(ROW(),COLUMN(),4)=$CB$5,1,999) -> 999 | G25: =IF(ADDRESS(ROW(),COLUMN(),4)=$CB$5,1,999) -> 999 | H25: =IF(ADDRESS(ROW(),COLUMN(),4)=$CB$5,1,999) -> 999 | ... AE25: =IF(ADDRESS(ROW(),COLUMN(),4)=$CB$5,1,999) -> 999 | AF25: =IF(MIN(AE25,AF24,AG25,AF26)>MIN(AE24,AE26,AG24,AG26),MIN(AE24,AE26,AG24,AG26)+SQRT(2),MIN(AE25,AF24,AG25,AF26)+1) -> 32.313708 | AG25: =IF(MIN(AF25,AG24,AH25,AG26)>MIN(AF24,AF26,AH24,AH26),MIN(AF24,AF26,AH24,AH26)+SQRT(2),MIN(AF25,AG24,AH25,AG26)+1) -> 33.313708 | AH25: =IF(MIN(AG25,AH24,AI25,AH26)>MIN(AG24,AG26,AI24,AI26),MIN(AG24,AG26,AI24,AI26)+SQRT(2),MIN(AG25,AH24,AI25,AH26)+1) -> 34.313708 | AI25: =IF(MIN(AH25,AI24,AJ25,AI26)>MIN(AH24,AH26,AJ24,AJ26),MIN(AH24,AH26,AJ24,AJ26)+SQRT(2),MIN(AH25,AI24,AJ25,AI26)+1) -> 35.313708 | AJ25: =IF(MIN(AI25,AJ24,AK25,AJ26)>MIN(AI24,AI26,AK24,AK26),MIN(AI24,AI26,AK24,AK26)+SQRT(2),MIN(AI25,AJ24,AK25,AJ26)+1) -> 36.313708 | AK25: =IF(MIN(AJ25,AK24,AL25,AK26)>MIN(AJ24,AJ26,AL24,AL26),MIN(AJ24,AJ26,AL24,AL26)+SQRT(2),MIN(AJ25,AK24,AL25,AK26)+1) -> 37.313708 | AL25: =IF(MIN(AK25,AL24,AM25,AL26)>MIN(AK24,AK26,AM24,AM26),MIN(AK24,AK26,AM24,AM26)+SQRT(2),MIN(AK25,AL24,AM25,AL26)+1) -> 38.313708 | AM25: =IF(MIN(AL25,AM24,AN25,AM26)>MIN(AL24,AL26,AN24,AN26),MIN(AL24,AL26,AN24,AN26)+SQRT(2),MIN(AL25,AM24,AN25,AM26)+1) -> 39.313708 | ... BA25: =IF(MIN(AZ25,BA24,BB25,BA26)>MIN(AZ24,AZ26,BB24,BB26),MIN(AZ24,AZ26,BB24,BB26)+SQRT(2),MIN(AZ25,BA24,BB25,BA26)+1) -> 53.313708 | BB25: =IF(ADDRESS(ROW(),COLUMN(),4)=$CB$5,1,999) -> 999 | BC25: =IF(ADDRESS(ROW(),COLUMN(),4)=$CB$5,1,999) -> 999 | BD25: =IF(ADDRESS(ROW(),COLUMN(),4)=$CB$5,1,999) -> 999 | BE25: =IF(ADDRESS(ROW(),COLUMN(),4)=$CB$5,1,999) -> 999 | BF25: =IF(ADDRESS(ROW(),COLUMN(),4)=$CB$5,1,999) -> 999 | BG25: =IF(ADDRESS(ROW(),COLUMN(),4)=$CB$5,1,999) -> 999 | BH25: =IF(ADDRESS(ROW(),COLUMN(),4)=$CB$5,1,999) -> 999 | BI25: =IF(ADDRESS(ROW(),COLUMN(),4)=$CB$5,1,999) -> 999 | ... BX25: =IF(ADDRESS(ROW(),COLUMN(),4)=$CB$5,1,999) -> 999 | CB25: 2 | CC25: =SQRT(2) -> 1.4142136
A26: =IF(ADDRESS(ROW(),COLUMN(),4)=$CB$5,1,999) -> 999 | B26: =IF(ADDRESS(ROW(),COLUMN(),4)=$CB$5,1,999) -> 999 | C26: =IF(ADDRESS(ROW(),COLUMN(),4)=$CB$5,1,999) -> 999 | D26: =IF(ADDRESS(ROW(),COLUMN(),4)=$CB$5,1,999) -> 999 | E26: =IF(ADDRESS(ROW(),COLUMN(),4)=$CB$5,1,999) -> 999 | F26: =IF(ADDRESS(ROW(),COLUMN(),4)=$CB$5,1,999) -> 999 | G26: =IF(ADDRESS(ROW(),COLUMN(),4)=$CB$5,1,999) -> 999 | H26: =IF(ADDRESS(ROW(),COLUMN(),4)=$CB$5,1,999) -> 999 | ... AG26: =IF(ADDRESS(ROW(),COLUMN(),4)=$CB$5,1,999) -> 999 | AH26: =IF(MIN(AG26,AH25,AI26,AH27)>MIN(AG25,AG27,AI25,AI27),MIN(AG25,AG27,AI25,AI27)+SQRT(2),MIN(AG26,AH25,AI26,AH27)+1) -> 34.727922 | AI26: =IF(MIN(AH26,AI25,AJ26,AI27)>MIN(AH25,AH27,AJ25,AJ27),MIN(AH25,AH27,AJ25,AJ27)+SQRT(2),MIN(AH26,AI25,AJ26,AI27)+1) -> 35.727922 | AJ26: =IF(MIN(AI26,AJ25,AK26,AJ27)>MIN(AI25,AI27,AK25,AK27),MIN(AI25,AI27,AK25,AK27)+SQRT(2),MIN(AI26,AJ25,AK26,AJ27)+1) -> 36.727922 | AK26: =IF(MIN(AJ26,AK25,AL26,AK27)>MIN(AJ25,AJ27,AL25,AL27),MIN(AJ25,AJ27,AL25,AL27)+SQRT(2),MIN(AJ26,AK25,AL26,AK27)+1) -> 37.727922 | AL26: =IF(MIN(AK26,AL25,AM26,AL27)>MIN(AK25,AK27,AM25,AM27),MIN(AK25,AK27,AM25,AM27)+SQRT(2),MIN(AK26,AL25,AM26,AL27)+1) -> 38.727922 | AM26: =IF(MIN(AL26,AM25,AN26,AM27)>MIN(AL25,AL27,AN25,AN27),MIN(AL25,AL27,AN25,AN27)+SQRT(2),MIN(AL26,AM25,AN26,AM27)+1) -> 39.727922 | AN26: =IF(MIN(AM26,AN25,AO26,AN27)>MIN(AM25,AM27,AO25,AO27),MIN(AM25,AM27,AO25,AO27)+SQRT(2),MIN(AM26,AN25,AO26,AN27)+1) -> 40.727922 | AO26: =IF(MIN(AN26,AO25,AP26,AO27)>MIN(AN25,AN27,AP25,AP27),MIN(AN25,AN27,AP25,AP27)+SQRT(2),MIN(AN26,AO25,AP26,AO27)+1) -> 41.727922 | ... BB26: =IF(MIN(BA26,BB25,BC26,BB27)>MIN(BA25,BA27,BC25,BC27),MIN(BA25,BA27,BC25,BC27)+SQRT(2),MIN(BA26,BB25,BC26,BB27)+1) -> 54.727922 | BC26: =IF(ADDRESS(ROW(),COLUMN(),4)=$CB$5,1,999) -> 999 | BD26: =IF(ADDRESS(ROW(),COLUMN(),4)=$CB$5,1,999) -> 999 | BE26: =IF(ADDRESS(ROW(),COLUMN(),4)=$CB$5,1,999) -> 999 | BF26: =IF(ADDRESS(ROW(),COLUMN(),4)=$CB$5,1,999) -> 999 | BG26: =IF(ADDRESS(ROW(),COLUMN(),4)=$CB$5,1,999) -> 999 | BH26: =IF(ADDRESS(ROW(),COLUMN(),4)=$CB$5,1,999) -> 999 | BI26: =IF(ADDRESS(ROW(),COLUMN(),4)=$CB$5,1,999) -> 999 | BJ26: =IF(ADDRESS(ROW(),COLUMN(),4)=$CB$5,1,999) -> 999 | ... BX26: =IF(ADDRESS(ROW(),COLUMN(),4)=$CB$5,1,999) -> 999 | CB26: 1 | CC26: 2 | CE26: =IF(MIN(CD26,CE25,CF26,CE27)>MIN(CD25,CD27,CF25,CF27),MIN(CD25,CD27,CF25,CF27)+SQRT(2),MIN(CD26,CE25,CF26,CE27)+1) -> 1
A27: =IF(ADDRESS(ROW(),COLUMN(),4)=$CB$5,1,999) -> 999 | B27: =IF(ADDRESS(ROW(),COLUMN(),4)=$CB$5,1,999) -> 999 | C27: =IF(ADDRESS(ROW(),COLUMN(),4)=$CB$5,1,999) -> 999 | D27: =IF(ADDRESS(ROW(),COLUMN(),4)=$CB$5,1,999) -> 999 | E27: =IF(ADDRESS(ROW(),COLUMN(),4)=$CB$5,1,999) -> 999 | F27: =IF(ADDRESS(ROW(),COLUMN(),4)=$CB$5,1,999) -> 999 | G27: =IF(ADDRESS(ROW(),COLUMN(),4)=$CB$5,1,999) -> 999 | H27: =IF(ADDRESS(ROW(),COLUMN(),4)=$CB$5,1,999) -> 999 | ... AJ27: =IF(ADDRESS(ROW(),COLUMN(),4)=$CB$5,1,999) -> 999 | AK27: =IF(MIN(AJ27,AK26,AL27,AK28)>MIN(AJ26,AJ28,AL26,AL28),MIN(AJ26,AJ28,AL26,AL28)+SQRT(2),MIN(AJ27,AK26,AL27,AK28)+1) -> 38.142136 | AL27: =IF(MIN(AK27,AL26,AM27,AL28)>MIN(AK26,AK28,AM26,AM28),MIN(AK26,AK28,AM26,AM28)+SQRT(2),MIN(AK27,AL26,AM27,AL28)+1) -> 39.142136 | AM27: =IF(MIN(AL27,AM26,AN27,AM28)>MIN(AL26,AL28,AN26,AN28),MIN(AL26,AL28,AN26,AN28)+SQRT(2),MIN(AL27,AM26,AN27,AM28)+1) -> 40.142136 | AN27: =IF(MIN(AM27,AN26,AO27,AN28)>MIN(AM26,AM28,AO26,AO28),MIN(AM26,AM28,AO26,AO28)+SQRT(2),MIN(AM27,AN26,AO27,AN28)+1) -> 41.142136 | AO27: =IF(MIN(AN27,AO26,AP27,AO28)>MIN(AN26,AN28,AP26,AP28),MIN(AN26,AN28,AP26,AP28)+SQRT(2),MIN(AN27,AO26,AP27,AO28)+1) -> 42.142136 | AP27: =IF(MIN(AO27,AP26,AQ27,AP28)>MIN(AO26,AO28,AQ26,AQ28),MIN(AO26,AO28,AQ26,AQ28)+SQRT(2),MIN(AO27,AP26,AQ27,AP28)+1) -> 43.142136 | AQ27: =IF(MIN(AP27,AQ26,AR27,AQ28)>MIN(AP26,AP28,AR26,AR28),MIN(AP26,AP28,AR26,AR28)+SQRT(2),MIN(AP27,AQ26,AR27,AQ28)+1) -> 44.142136 | AR27: =IF(MIN(AQ27,AR26,AS27,AR28)>MIN(AQ26,AQ28,AS26,AS28),MIN(AQ26,AQ28,AS26,AS28)+SQRT(2),MIN(AQ27,AR26,AS27,AR28)+1) -> 45.142136 | ... BB27: =IF(MIN(BA27,BB26,BC27,BB28)>MIN(BA26,BA28,BC26,BC28),MIN(BA26,BA28,BC26,BC28)+SQRT(2),MIN(BA27,BB26,BC27,BB28)+1) -> 55.142136 | BC27: =IF(ADDRESS(ROW(),COLUMN(),4)=$CB$5,1,999) -> 999 | BD27: =IF(ADDRESS(ROW(),COLUMN(),4)=$CB$5,1,999) -> 999 | BE27: =IF(ADDRESS(ROW(),COLUMN(),4)=$CB$5,1,999) -> 999 | BF27: =IF(ADDRESS(ROW(),COLUMN(),4)=$CB$5,1,999) -> 999 | BG27: =IF(ADDRESS(ROW(),COLUMN(),4)=$CB$5,1,999) -> 999 | BH27: =IF(ADDRESS(ROW(),COLUMN(),4)=$CB$5,1,999) -> 999 | BI27: =IF(ADDRESS(ROW(),COLUMN(),4)=$CB$5,1,999) -> 999 | BJ27: =IF(ADDRESS(ROW(),COLUMN(),4)=$CB$5,1,999) -> 999 | ... BX27: =IF(ADDRESS(ROW(),COLUMN(),4)=$CB$5,1,999) -> 999 | CB27: 2
A28: =IF(ADDRESS(ROW(),COLUMN(),4)=$CB$5,1,999) -> 999 | B28: =IF(ADDRESS(ROW(),COLUMN(),4)=$CB$5,1,999) -> 999 | C28: =IF(ADDRESS(ROW(),COLUMN(),4)=$CB$5,1,999) -> 999 | D28: =IF(ADDRESS(ROW(),COLUMN(),4)=$CB$5,1,999) -> 999 | E28: =IF(ADDRESS(ROW(),COLUMN(),4)=$CB$5,1,999) -> 999 | F28: =IF(ADDRESS(ROW(),COLUMN(),4)=$CB$5,1,999) -> 999 | G28: =IF(ADDRESS(ROW(),COLUMN(),4)=$CB$5,1,999) -> 999 | H28: =IF(ADDRESS(ROW(),COLUMN(),4)=$CB$5,1,999) -> 999 | ... AK28: =IF(ADDRESS(ROW(),COLUMN(),4)=$CB$5,1,999) -> 999 | AL28: =IF(MIN(AK28,AL27,AM28,AL29)>MIN(AK27,AK29,AM27,AM29),MIN(AK27,AK29,AM27,AM29)+SQRT(2),MIN(AK28,AL27,AM28,AL29)+1) -> 39.556349 | AM28: =IF(MIN(AL28,AM27,AN28,AM29)>MIN(AL27,AL29,AN27,AN29),MIN(AL27,AL29,AN27,AN29)+SQRT(2),MIN(AL28,AM27,AN28,AM29)+1) -> 40.556349 | AN28: =IF(MIN(AM28,AN27,AO28,AN29)>MIN(AM27,AM29,AO27,AO29),MIN(AM27,AM29,AO27,AO29)+SQRT(2),MIN(AM28,AN27,AO28,AN29)+1) -> 41.556349 | AO28: =IF(MIN(AN28,AO27,AP28,AO29)>MIN(AN27,AN29,AP27,AP29),MIN(AN27,AN29,AP27,AP29)+SQRT(2),MIN(AN28,AO27,AP28,AO29)+1) -> 42.556349 | AP28: =IF(MIN(AO28,AP27,AQ28,AP29)>MIN(AO27,AO29,AQ27,AQ29),MIN(AO27,AO29,AQ27,AQ29)+SQRT(2),MIN(AO28,AP27,AQ28,AP29)+1) -> 43.556349 | AQ28: =IF(MIN(AP28,AQ27,AR28,AQ29)>MIN(AP27,AP29,AR27,AR29),MIN(AP27,AP29,AR27,AR29)+SQRT(2),MIN(AP28,AQ27,AR28,AQ29)+1) -> 44.556349 | AR28: =IF(MIN(AQ28,AR27,AS28,AR29)>MIN(AQ27,AQ29,AS27,AS29),MIN(AQ27,AQ29,AS27,AS29)+SQRT(2),MIN(AQ28,AR27,AS28,AR29)+1) -> 45.556349 | AS28: =IF(MIN(AR28,AS27,AT28,AS29)>MIN(AR27,AR29,AT27,AT29),MIN(AR27,AR29,AT27,AT29)+SQRT(2),MIN(AR28,AS27,AT28,AS29)+1) -> 46.556349 | ... BC28: =IF(MIN(BB28,BC27,BD28,BC29)>MIN(BB27,BB29,BD27,BD29),MIN(BB27,BB29,BD27,BD29)+SQRT(2),MIN(BB28,BC27,BD28,BC29)+1) -> 56.556349 | BD28: =IF(ADDRESS(ROW(),COLUMN(),4)=$CB$5,1,999) -> 999 | BE28: =IF(ADDRESS(ROW(),COLUMN(),4)=$CB$5,1,999) -> 999 | BF28: =IF(ADDRESS(ROW(),COLUMN(),4)=$CB$5,1,999) -> 999 | BG28: =IF(ADDRESS(ROW(),COLUMN(),4)=$CB$5,1,999) -> 999 | BH28: =IF(ADDRESS(ROW(),COLUMN(),4)=$CB$5,1,999) -> 999 | BI28: =IF(ADDRESS(ROW(),COLUMN(),4)=$CB$5,1,999) -> 999 | BJ28: =IF(ADDRESS(ROW(),COLUMN(),4)=$CB$5,1,999) -> 999 | BK28: =IF(ADDRESS(ROW(),COLUMN(),4)=$CB$5,1,999) -> 999 | ... BX28: =IF(ADDRESS(ROW(),COLUMN(),4)=$CB$5,1,999) -> 999
A29: =IF(ADDRESS(ROW(),COLUMN(),4)=$CB$5,1,999) -> 999 | B29: =IF(ADDRESS(ROW(),COLUMN(),4)=$CB$5,1,999) -> 999 | C29: =IF(ADDRESS(ROW(),COLUMN(),4)=$CB$5,1,999) -> 999 | D29: =IF(ADDRESS(ROW(),COLUMN(),4)=$CB$5,1,999) -> 999 | E29: =IF(ADDRESS(ROW(),COLUMN(),4)=$CB$5,1,999) -> 999 | F29: =IF(ADDRESS(ROW(),COLUMN(),4)=$CB$5,1,999) -> 999 | G29: =IF(ADDRESS(ROW(),COLUMN(),4)=$CB$5,1,999) -> 999 | H29: =IF(ADDRESS(ROW(),COLUMN(),4)=$CB$5,1,999) -> 999 | ... AL29: =IF(ADDRESS(ROW(),COLUMN(),4)=$CB$5,1,999) -> 999 | AM29: =IF(MIN(AL29,AM28,AN29,AM30)>MIN(AL28,AL30,AN28,AN30),MIN(AL28,AL30,AN28,AN30)+SQRT(2),MIN(AL29,AM28,AN29,AM30)+1) -> 40.970563 | AN29: =IF(MIN(AM29,AN28,AO29,AN30)>MIN(AM28,AM30,AO28,AO30),MIN(AM28,AM30,AO28,AO30)+SQRT(2),MIN(AM29,AN28,AO29,AN30)+1) -> 41.970563 | AO29: =IF(MIN(AN29,AO28,AP29,AO30)>MIN(AN28,AN30,AP28,AP30),MIN(AN28,AN30,AP28,AP30)+SQRT(2),MIN(AN29,AO28,AP29,AO30)+1) -> 42.970563 | AP29: =IF(MIN(AO29,AP28,AQ29,AP30)>MIN(AO28,AO30,AQ28,AQ30),MIN(AO28,AO30,AQ28,AQ30)+SQRT(2),MIN(AO29,AP28,AQ29,AP30)+1) -> 43.970563 | AQ29: =IF(MIN(AP29,AQ28,AR29,AQ30)>MIN(AP28,AP30,AR28,AR30),MIN(AP28,AP30,AR28,AR30)+SQRT(2),MIN(AP29,AQ28,AR29,AQ30)+1) -> 44.970563 | AR29: =IF(MIN(AQ29,AR28,AS29,AR30)>MIN(AQ28,AQ30,AS28,AS30),MIN(AQ28,AQ30,AS28,AS30)+SQRT(2),MIN(AQ29,AR28,AS29,AR30)+1) -> 45.970563 | AS29: =IF(MIN(AR29,AS28,AT29,AS30)>MIN(AR28,AR30,AT28,AT30),MIN(AR28,AR30,AT28,AT30)+SQRT(2),MIN(AR29,AS28,AT29,AS30)+1) -> 46.970563 | AT29: =IF(MIN(AS29,AT28,AU29,AT30)>MIN(AS28,AS30,AU28,AU30),MIN(AS28,AS30,AU28,AU30)+SQRT(2),MIN(AS29,AT28,AU29,AT30)+1) -> 47.970563 | ... BC29: =IF(MIN(BB29,BC28,BD29,BC30)>MIN(BB28,BB30,BD28,BD30),MIN(BB28,BB30,BD28,BD30)+SQRT(2),MIN(BB29,BC28,BD29,BC30)+1) -> 56.970563 | BD29: =IF(ADDRESS(ROW(),COLUMN(),4)=$CB$5,1,999) -> 999 | BE29: =IF(ADDRESS(ROW(),COLUMN(),4)=$CB$5,1,999) -> 999 | BF29: =IF(ADDRESS(ROW(),COLUMN(),4)=$CB$5,1,999) -> 999 | BG29: =IF(ADDRESS(ROW(),COLUMN(),4)=$CB$5,1,999) -> 999 | BH29: =IF(ADDRESS(ROW(),COLUMN(),4)=$CB$5,1,999) -> 999 | BI29: =IF(ADDRESS(ROW(),COLUMN(),4)=$CB$5,1,999) -> 999 | BJ29: =IF(ADDRESS(ROW(),COLUMN(),4)=$CB$5,1,999) -> 999 | BK29: =IF(ADDRESS(ROW(),COLUMN(),4)=$CB$5,1,999) -> 999 | ... BX29: =IF(ADDRESS(ROW(),COLUMN(),4)=$CB$5,1,999) -> 999
A30: =IF(ADDRESS(ROW(),COLUMN(),4)=$CB$5,1,999) -> 999 | B30: =IF(ADDRESS(ROW(),COLUMN(),4)=$CB$5,1,999) -> 999 | C30: =IF(ADDRESS(ROW(),COLUMN(),4)=$CB$5,1,999) -> 999 | D30: =IF(ADDRESS(ROW(),COLUMN(),4)=$CB$5,1,999) -> 999 | E30: =IF(ADDRESS(ROW(),COLUMN(),4)=$CB$5,1,999) -> 999 | F30: =IF(ADDRESS(ROW(),COLUMN(),4)=$CB$5,1,999) -> 999 | G30: =IF(ADDRESS(ROW(),COLUMN(),4)=$CB$5,1,999) -> 999 | H30: =IF(ADDRESS(ROW(),COLUMN(),4)=$CB$5,1,999) -> 999 | ... AN30: =IF(ADDRESS(ROW(),COLUMN(),4)=$CB$5,1,999) -> 999 | AO30: =IF(MIN(AN30,AO29,AP30,AO31)>MIN(AN29,AN31,AP29,AP31),MIN(AN29,AN31,AP29,AP31)+SQRT(2),MIN(AN30,AO29,AP30,AO31)+1) -> 43.384776 | AP30: =IF(MIN(AO30,AP29,AQ30,AP31)>MIN(AO29,AO31,AQ29,AQ31),MIN(AO29,AO31,AQ29,AQ31)+SQRT(2),MIN(AO30,AP29,AQ30,AP31)+1) -> 44.384776 | AQ30: =IF(MIN(AP30,AQ29,AR30,AQ31)>MIN(AP29,AP31,AR29,AR31),MIN(AP29,AP31,AR29,AR31)+SQRT(2),MIN(AP30,AQ29,AR30,AQ31)+1) -> 45.384776 | AR30: =IF(MIN(AQ30,AR29,AS30,AR31)>MIN(AQ29,AQ31,AS29,AS31),MIN(AQ29,AQ31,AS29,AS31)+SQRT(2),MIN(AQ30,AR29,AS30,AR31)+1) -> 46.384776 | AS30: =IF(MIN(AR30,AS29,AT30,AS31)>MIN(AR29,AR31,AT29,AT31),MIN(AR29,AR31,AT29,AT31)+SQRT(2),MIN(AR30,AS29,AT30,AS31)+1) -> 47.384776 | AT30: =IF(MIN(AS30,AT29,AU30,AT31)>MIN(AS29,AS31,AU29,AU31),MIN(AS29,AS31,AU29,AU31)+SQRT(2),MIN(AS30,AT29,AU30,AT31)+1) -> 48.384776 | AU30: =IF(MIN(AT30,AU29,AV30,AU31)>MIN(AT29,AT31,AV29,AV31),MIN(AT29,AT31,AV29,AV31)+SQRT(2),MIN(AT30,AU29,AV30,AU31)+1) -> 49.384776 | AV30: =IF(MIN(AU30,AV29,AW30,AV31)>MIN(AU29,AU31,AW29,AW31),MIN(AU29,AU31,AW29,AW31)+SQRT(2),MIN(AU30,AV29,AW30,AV31)+1) -> 50.384776 | ... BD30: =IF(MIN(BC30,BD29,BE30,BD31)>MIN(BC29,BC31,BE29,BE31),MIN(BC29,BC31,BE29,BE31)+SQRT(2),MIN(BC30,BD29,BE30,BD31)+1) -> 58.384776 | BE30: =IF(ADDRESS(ROW(),COLUMN(),4)=$CB$5,1,999) -> 999 | BF30: =IF(ADDRESS(ROW(),COLUMN(),4)=$CB$5,1,999) -> 999 | BG30: =IF(ADDRESS(ROW(),COLUMN(),4)=$CB$5,1,999) -> 999 | BH30: =IF(ADDRESS(ROW(),COLUMN(),4)=$CB$5,1,999) -> 999 | BI30: =IF(ADDRESS(ROW(),COLUMN(),4)=$CB$5,1,999) -> 999 | BJ30: =IF(ADDRESS(ROW(),COLUMN(),4)=$CB$5,1,999) -> 999 | BK30: =IF(ADDRESS(ROW(),COLUMN(),4)=$CB$5,1,999) -> 999 | BL30: =IF(ADDRESS(ROW(),COLUMN(),4)=$CB$5,1,999) -> 999 | ... BX30: =IF(ADDRESS(ROW(),COLUMN(),4)=$CB$5,1,999) -> 999
A31: =IF(ADDRESS(ROW(),COLUMN(),4)=$CB$5,1,999) -> 999 | B31: =IF(ADDRESS(ROW(),COLUMN(),4)=$CB$5,1,999) -> 999 | C31: =IF(ADDRESS(ROW(),COLUMN(),4)=$CB$5,1,999) -> 999 | D31: =IF(ADDRESS(ROW(),COLUMN(),4)=$CB$5,1,999) -> 999 | E31: =IF(ADDRESS(ROW(),COLUMN(),4)=$CB$5,1,999) -> 999 | F31: =IF(ADDRESS(ROW(),COLUMN(),4)=$CB$5,1,999) -> 999 | G31: =IF(ADDRESS(ROW(),COLUMN(),4)=$CB$5,1,999) -> 999 | H31: =IF(ADDRESS(ROW(),COLUMN(),4)=$CB$5,1,999) -> 999 | ... AO31: =IF(ADDRESS(ROW(),COLUMN(),4)=$CB$5,1,999) -> 999 | AP31: =IF(MIN(AO31,AP30,AQ31,AP32)>MIN(AO30,AO32,AQ30,AQ32),MIN(AO30,AO32,AQ30,AQ32)+SQRT(2),MIN(AO31,AP30,AQ31,AP32)+1) -> 44.79899 | AQ31: =IF(MIN(AP31,AQ30,AR31,AQ32)>MIN(AP30,AP32,AR30,AR32),MIN(AP30,AP32,AR30,AR32)+SQRT(2),MIN(AP31,AQ30,AR31,AQ32)+1) -> 45.79899 | AR31: =IF(MIN(AQ31,AR30,AS31,AR32)>MIN(AQ30,AQ32,AS30,AS32),MIN(AQ30,AQ32,AS30,AS32)+SQRT(2),MIN(AQ31,AR30,AS31,AR32)+1) -> 46.79899 | AS31: =IF(MIN(AR31,AS30,AT31,AS32)>MIN(AR30,AR32,AT30,AT32),MIN(AR30,AR32,AT30,AT32)+SQRT(2),MIN(AR31,AS30,AT31,AS32)+1) -> 47.79899 | AT31: =IF(MIN(AS31,AT30,AU31,AT32)>MIN(AS30,AS32,AU30,AU32),MIN(AS30,AS32,AU30,AU32)+SQRT(2),MIN(AS31,AT30,AU31,AT32)+1) -> 48.79899 | AU31: =IF(MIN(AT31,AU30,AV31,AU32)>MIN(AT30,AT32,AV30,AV32),MIN(AT30,AT32,AV30,AV32)+SQRT(2),MIN(AT31,AU30,AV31,AU32)+1) -> 49.79899 | AV31: =IF(MIN(AU31,AV30,AW31,AV32)>MIN(AU30,AU32,AW30,AW32),MIN(AU30,AU32,AW30,AW32)+SQRT(2),MIN(AU31,AV30,AW31,AV32)+1) -> 50.79899 | AW31: =IF(MIN(AV31,AW30,AX31,AW32)>MIN(AV30,AV32,AX30,AX32),MIN(AV30,AV32,AX30,AX32)+SQRT(2),MIN(AV31,AW30,AX31,AW32)+1) -> 51.79899 | ... BI31: =IF(MIN(BH31,BI30,BJ31,BI32)>MIN(BH30,BH32,BJ30,BJ32),MIN(BH30,BH32,BJ30,BJ32)+SQRT(2),MIN(BH31,BI30,BJ31,BI32)+1) -> 63.79899 | BJ31: =IF(ADDRESS(ROW(),COLUMN(),4)=$CB$5,1,999) -> 999 | BK31: =IF(ADDRESS(ROW(),COLUMN(),4)=$CB$5,1,999) -> 999 | BL31: =IF(ADDRESS(ROW(),COLUMN(),4)=$CB$5,1,999) -> 999 | BM31: =IF(ADDRESS(ROW(),COLUMN(),4)=$CB$5,1,999) -> 999 | BN31: =IF(ADDRESS(ROW(),COLUMN(),4)=$CB$5,1,999) -> 999 | BO31: =IF(ADDRESS(ROW(),COLUMN(),4)=$CB$5,1,999) -> 999 | BP31: =IF(ADDRESS(ROW(),COLUMN(),4)=$CB$5,1,999) -> 999 | BQ31: =IF(ADDRESS(ROW(),COLUMN(),4)=$CB$5,1,999) -> 999 | ... BX31: =IF(ADDRESS(ROW(),COLUMN(),4)=$CB$5,1,999) -> 999
A32: =IF(ADDRESS(ROW(),COLUMN(),4)=$CB$5,1,999) -> 999 | B32: =IF(ADDRESS(ROW(),COLUMN(),4)=$CB$5,1,999) -> 999 | C32: =IF(ADDRESS(ROW(),COLUMN(),4)=$CB$5,1,999) -> 999 | D32: =IF(ADDRESS(ROW(),COLUMN(),4)=$CB$5,1,999) -> 999 | E32: =IF(ADDRESS(ROW(),COLUMN(),4)=$CB$5,1,999) -> 999 | F32: =IF(ADDRESS(ROW(),COLUMN(),4)=$CB$5,1,999) -> 999 | G32: =IF(ADDRESS(ROW(),COLUMN(),4)=$CB$5,1,999) -> 999 | H32: =IF(ADDRESS(ROW(),COLUMN(),4)=$CB$5,1,999) -> 999 | ... AQ32: =IF(ADDRESS(ROW(),COLUMN(),4)=$CB$5,1,999) -> 999 | AR32: =IF(MIN(AQ32,AR31,AS32,AR33)>MIN(AQ31,AQ33,AS31,AS33),MIN(AQ31,AQ33,AS31,AS33)+SQRT(2),MIN(AQ32,AR31,AS32,AR33)+1) -> 47.213203 | AS32: =IF(MIN(AR32,AS31,AT32,AS33)>MIN(AR31,AR33,AT31,AT33),MIN(AR31,AR33,AT31,AT33)+SQRT(2),MIN(AR32,AS31,AT32,AS33)+1) -> 48.213203 | AT32: =IF(MIN(AS32,AT31,AU32,AT33)>MIN(AS31,AS33,AU31,AU33),MIN(AS31,AS33,AU31,AU33)+SQRT(2),MIN(AS32,AT31,AU32,AT33)+1) -> 49.213203 | AU32: =IF(MIN(AT32,AU31,AV32,AU33)>MIN(AT31,AT33,AV31,AV33),MIN(AT31,AT33,AV31,AV33)+SQRT(2),MIN(AT32,AU31,AV32,AU33)+1) -> 50.213203 | AV32: =IF(MIN(AU32,AV31,AW32,AV33)>MIN(AU31,AU33,AW31,AW33),MIN(AU31,AU33,AW31,AW33)+SQRT(2),MIN(AU32,AV31,AW32,AV33)+1) -> 51.213203 | AW32: =IF(MIN(AV32,AW31,AX32,AW33)>MIN(AV31,AV33,AX31,AX33),MIN(AV31,AV33,AX31,AX33)+SQRT(2),MIN(AV32,AW31,AX32,AW33)+1) -> 52.213203 | AX32: =IF(MIN(AW32,AX31,AY32,AX33)>MIN(AW31,AW33,AY31,AY33),MIN(AW31,AW33,AY31,AY33)+SQRT(2),MIN(AW32,AX31,AY32,AX33)+1) -> 53.213203 | AY32: =IF(MIN(AX32,AY31,AZ32,AY33)>MIN(AX31,AX33,AZ31,AZ33),MIN(AX31,AX33,AZ31,AZ33)+SQRT(2),MIN(AX32,AY31,AZ32,AY33)+1) -> 54.213203 | ... BI32: =IF(MIN(BH32,BI31,BJ32,BI33)>MIN(BH31,BH33,BJ31,BJ33),MIN(BH31,BH33,BJ31,BJ33)+SQRT(2),MIN(BH32,BI31,BJ32,BI33)+1) -> 64.213203 | BJ32: =IF(ADDRESS(ROW(),COLUMN(),4)=$CB$5,1,999) -> 999 | BK32: =IF(ADDRESS(ROW(),COLUMN(),4)=$CB$5,1,999) -> 999 | BL32: =IF(ADDRESS(ROW(),COLUMN(),4)=$CB$5,1,999) -> 999 | BM32: =IF(ADDRESS(ROW(),COLUMN(),4)=$CB$5,1,999) -> 999 | BN32: =IF(ADDRESS(ROW(),COLUMN(),4)=$CB$5,1,999) -> 999 | BO32: =IF(ADDRESS(ROW(),COLUMN(),4)=$CB$5,1,999) -> 999 | BP32: =IF(ADDRESS(ROW(),COLUMN(),4)=$CB$5,1,999) -> 999 | BQ32: =IF(ADDRESS(ROW(),COLUMN(),4)=$CB$5,1,999) -> 999 | ... BX32: =IF(ADDRESS(ROW(),COLUMN(),4)=$CB$5,1,999) -> 999
A33: =IF(ADDRESS(ROW(),COLUMN(),4)=$CB$5,1,999) -> 999 | B33: =IF(ADDRESS(ROW(),COLUMN(),4)=$CB$5,1,999) -> 999 | C33: =IF(ADDRESS(ROW(),COLUMN(),4)=$CB$5,1,999) -> 999 | D33: =IF(ADDRESS(ROW(),COLUMN(),4)=$CB$5,1,999) -> 999 | E33: =IF(ADDRESS(ROW(),COLUMN(),4)=$CB$5,1,999) -> 999 | F33: =IF(ADDRESS(ROW(),COLUMN(),4)=$CB$5,1,999) -> 999 | G33: =IF(ADDRESS(ROW(),COLUMN(),4)=$CB$5,1,999) -> 999 | H33: =IF(ADDRESS(ROW(),COLUMN(),4)=$CB$5,1,999) -> 999 | ... AR33: =IF(ADDRESS(ROW(),COLUMN(),4)=$CB$5,1,999) -> 999 | AS33: =IF(MIN(AR33,AS32,AT33,AS34)>MIN(AR32,AR34,AT32,AT34),MIN(AR32,AR34,AT32,AT34)+SQRT(2),MIN(AR33,AS32,AT33,AS34)+1) -> 48.627417 | AT33: =IF(MIN(AS33,AT32,AU33,AT34)>MIN(AS32,AS34,AU32,AU34),MIN(AS32,AS34,AU32,AU34)+SQRT(2),MIN(AS33,AT32,AU33,AT34)+1) -> 49.627417 | AU33: =IF(MIN(AT33,AU32,AV33,AU34)>MIN(AT32,AT34,AV32,AV34),MIN(AT32,AT34,AV32,AV34)+SQRT(2),MIN(AT33,AU32,AV33,AU34)+1) -> 50.627417 | AV33: =IF(MIN(AU33,AV32,AW33,AV34)>MIN(AU32,AU34,AW32,AW34),MIN(AU32,AU34,AW32,AW34)+SQRT(2),MIN(AU33,AV32,AW33,AV34)+1) -> 51.627417 | AW33: =IF(MIN(AV33,AW32,AX33,AW34)>MIN(AV32,AV34,AX32,AX34),MIN(AV32,AV34,AX32,AX34)+SQRT(2),MIN(AV33,AW32,AX33,AW34)+1) -> 52.627417 | AX33: =IF(MIN(AW33,AX32,AY33,AX34)>MIN(AW32,AW34,AY32,AY34),MIN(AW32,AW34,AY32,AY34)+SQRT(2),MIN(AW33,AX32,AY33,AX34)+1) -> 53.627417 | AY33: =IF(MIN(AX33,AY32,AZ33,AY34)>MIN(AX32,AX34,AZ32,AZ34),MIN(AX32,AX34,AZ32,AZ34)+SQRT(2),MIN(AX33,AY32,AZ33,AY34)+1) -> 54.627417 | AZ33: =IF(MIN(AY33,AZ32,BA33,AZ34)>MIN(AY32,AY34,BA32,BA34),MIN(AY32,AY34,BA32,BA34)+SQRT(2),MIN(AY33,AZ32,BA33,AZ34)+1) -> 55.627417 | ... BL33: =IF(MIN(BK33,BL32,BM33,BL34)>MIN(BK32,BK34,BM32,BM34),MIN(BK32,BK34,BM32,BM34)+SQRT(2),MIN(BK33,BL32,BM33,BL34)+1) -> 67.627417 | BM33: =IF(ADDRESS(ROW(),COLUMN(),4)=$CB$5,1,999) -> 999 | BN33: =IF(ADDRESS(ROW(),COLUMN(),4)=$CB$5,1,999) -> 999 | BO33: =IF(ADDRESS(ROW(),COLUMN(),4)=$CB$5,1,999) -> 999 | BP33: =IF(ADDRESS(ROW(),COLUMN(),4)=$CB$5,1,999) -> 999 | BQ33: =IF(ADDRESS(ROW(),COLUMN(),4)=$CB$5,1,999) -> 999 | BR33: =IF(ADDRESS(ROW(),COLUMN(),4)=$CB$5,1,999) -> 999 | BS33: =IF(ADDRESS(ROW(),COLUMN(),4)=$CB$5,1,999) -> 999 | BT33: =IF(ADDRESS(ROW(),COLUMN(),4)=$CB$5,1,999) -> 999 | ... BX33: =IF(ADDRESS(ROW(),COLUMN(),4)=$CB$5,1,999) -> 999
A34: =IF(ADDRESS(ROW(),COLUMN(),4)=$CB$5,1,999) -> 999 | B34: =IF(ADDRESS(ROW(),COLUMN(),4)=$CB$5,1,999) -> 999 | C34: =IF(ADDRESS(ROW(),COLUMN(),4)=$CB$5,1,999) -> 999 | D34: =IF(ADDRESS(ROW(),COLUMN(),4)=$CB$5,1,999) -> 999 | E34: =IF(ADDRESS(ROW(),COLUMN(),4)=$CB$5,1,999) -> 999 | F34: =IF(ADDRESS(ROW(),COLUMN(),4)=$CB$5,1,999) -> 999 | G34: =IF(ADDRESS(ROW(),COLUMN(),4)=$CB$5,1,999) -> 999 | H34: =IF(ADDRESS(ROW(),COLUMN(),4)=$CB$5,1,999) -> 999 | ... AR34: =IF(ADDRESS(ROW(),COLUMN(),4)=$CB$5,1,999) -> 999 | AS34: =IF(MIN(AR34,AS33,AT34,AS35)>MIN(AR33,AR35,AT33,AT35),MIN(AR33,AR35,AT33,AT35)+SQRT(2),MIN(AR34,AS33,AT34,AS35)+1) -> 49.627417 | AT34: =IF(MIN(AS34,AT33,AU34,AT35)>MIN(AS33,AS35,AU33,AU35),MIN(AS33,AS35,AU33,AU35)+SQRT(2),MIN(AS34,AT33,AU34,AT35)+1) -> 50.041631 | AU34: =IF(MIN(AT34,AU33,AV34,AU35)>MIN(AT33,AT35,AV33,AV35),MIN(AT33,AT35,AV33,AV35)+SQRT(2),MIN(AT34,AU33,AV34,AU35)+1) -> 51.041631 | AV34: =IF(MIN(AU34,AV33,AW34,AV35)>MIN(AU33,AU35,AW33,AW35),MIN(AU33,AU35,AW33,AW35)+SQRT(2),MIN(AU34,AV33,AW34,AV35)+1) -> 52.041631 | AW34: =IF(MIN(AV34,AW33,AX34,AW35)>MIN(AV33,AV35,AX33,AX35),MIN(AV33,AV35,AX33,AX35)+SQRT(2),MIN(AV34,AW33,AX34,AW35)+1) -> 53.041631 | AX34: =IF(MIN(AW34,AX33,AY34,AX35)>MIN(AW33,AW35,AY33,AY35),MIN(AW33,AW35,AY33,AY35)+SQRT(2),MIN(AW34,AX33,AY34,AX35)+1) -> 54.041631 | AY34: =IF(MIN(AX34,AY33,AZ34,AY35)>MIN(AX33,AX35,AZ33,AZ35),MIN(AX33,AX35,AZ33,AZ35)+SQRT(2),MIN(AX34,AY33,AZ34,AY35)+1) -> 55.041631 | AZ34: =IF(MIN(AY34,AZ33,BA34,AZ35)>MIN(AY33,AY35,BA33,BA35),MIN(AY33,AY35,BA33,BA35)+SQRT(2),MIN(AY34,AZ33,BA34,AZ35)+1) -> 56.041631 | ... BO34: =IF(MIN(BN34,BO33,BP34,BO35)>MIN(BN33,BN35,BP33,BP35),MIN(BN33,BN35,BP33,BP35)+SQRT(2),MIN(BN34,BO33,BP34,BO35)+1) -> 71.041631 | BP34: =IF(ADDRESS(ROW(),COLUMN(),4)=$CB$5,1,999) -> 999 | BQ34: =IF(ADDRESS(ROW(),COLUMN(),4)=$CB$5,1,999) -> 999 | BR34: =IF(ADDRESS(ROW(),COLUMN(),4)=$CB$5,1,999) -> 999 | BS34: =IF(ADDRESS(ROW(),COLUMN(),4)=$CB$5,1,999) -> 999 | BT34: =IF(ADDRESS(ROW(),COLUMN(),4)=$CB$5,1,999) -> 999 | BU34: =IF(ADDRESS(ROW(),COLUMN(),4)=$CB$5,1,999) -> 999 | BV34: =IF(ADDRESS(ROW(),COLUMN(),4)=$CB$5,1,999) -> 999 | BW34: =IF(ADDRESS(ROW(),COLUMN(),4)=$CB$5,1,999) -> 999 | BX34: =IF(ADDRESS(ROW(),COLUMN(),4)=$CB$5,1,999) -> 999
A35: =IF(ADDRESS(ROW(),COLUMN(),4)=$CB$5,1,999) -> 999 | B35: =IF(ADDRESS(ROW(),COLUMN(),4)=$CB$5,1,999) -> 999 | C35: =IF(ADDRESS(ROW(),COLUMN(),4)=$CB$5,1,999) -> 999 | D35: =IF(ADDRESS(ROW(),COLUMN(),4)=$CB$5,1,999) -> 999 | E35: =IF(ADDRESS(ROW(),COLUMN(),4)=$CB$5,1,999) -> 999 | F35: =IF(ADDRESS(ROW(),COLUMN(),4)=$CB$5,1,999) -> 999 | G35: =IF(ADDRESS(ROW(),COLUMN(),4)=$CB$5,1,999) -> 999 | H35: =IF(ADDRESS(ROW(),COLUMN(),4)=$CB$5,1,999) -> 999 | ... AR35: =IF(ADDRESS(ROW(),COLUMN(),4)=$CB$5,1,999) -> 999 | AS35: =IF(MIN(AR35,AS34,AT35,AS36)>MIN(AR34,AR36,AT34,AT36),MIN(AR34,AR36,AT34,AT36)+SQRT(2),MIN(AR35,AS34,AT35,AS36)+1) -> 50.627417 | AT35: =IF(MIN(AS35,AT34,AU35,AT36)>MIN(AS34,AS36,AU34,AU36),MIN(AS34,AS36,AU34,AU36)+SQRT(2),MIN(AS35,AT34,AU35,AT36)+1) -> 51.041631 | AU35: =IF(MIN(AT35,AU34,AV35,AU36)>MIN(AT34,AT36,AV34,AV36),MIN(AT34,AT36,AV34,AV36)+SQRT(2),MIN(AT35,AU34,AV35,AU36)+1) -> 51.455844 | AV35: =IF(MIN(AU35,AV34,AW35,AV36)>MIN(AU34,AU36,AW34,AW36),MIN(AU34,AU36,AW34,AW36)+SQRT(2),MIN(AU35,AV34,AW35,AV36)+1) -> 52.455844 | AW35: =IF(MIN(AV35,AW34,AX35,AW36)>MIN(AV34,AV36,AX34,AX36),MIN(AV34,AV36,AX34,AX36)+SQRT(2),MIN(AV35,AW34,AX35,AW36)+1) -> 53.455844 | AX35: =IF(MIN(AW35,AX34,AY35,AX36)>MIN(AW34,AW36,AY34,AY36),MIN(AW34,AW36,AY34,AY36)+SQRT(2),MIN(AW35,AX34,AY35,AX36)+1) -> 54.455844 | AY35: =IF(MIN(AX35,AY34,AZ35,AY36)>MIN(AX34,AX36,AZ34,AZ36),MIN(AX34,AX36,AZ34,AZ36)+SQRT(2),MIN(AX35,AY34,AZ35,AY36)+1) -> 55.455844 | AZ35: =IF(MIN(AY35,AZ34,BA35,AZ36)>MIN(AY34,AY36,BA34,BA36),MIN(AY34,AY36,BA34,BA36)+SQRT(2),MIN(AY35,AZ34,BA35,AZ36)+1) -> 56.455844 | ... BN35: =IF(MIN(BM35,BN34,BO35,BN36)>MIN(BM34,BM36,BO34,BO36),MIN(BM34,BM36,BO34,BO36)+SQRT(2),MIN(BM35,BN34,BO35,BN36)+1) -> 70.455844 | BO35: =IF(ADDRESS(ROW(),COLUMN(),4)=$CB$5,1,999) -> 999 | BP35: =IF(MIN(BO35,BP34,BQ35,BP36)>MIN(BO34,BO36,BQ34,BQ36),MIN(BO34,BO36,BQ34,BQ36)+SQRT(2),MIN(BO35,BP34,BQ35,BP36)+1) -> 72.455844 | BQ35: =IF(MIN(BP35,BQ34,BR35,BQ36)>MIN(BP34,BP36,BR34,BR36),MIN(BP34,BP36,BR34,BR36)+SQRT(2),MIN(BP35,BQ34,BR35,BQ36)+1) -> 73.455844 | BR35: =IF(ADDRESS(ROW(),COLUMN(),4)=$CB$5,1,999) -> 999 | BS35: =IF(ADDRESS(ROW(),COLUMN(),4)=$CB$5,1,999) -> 999 | BT35: =IF(ADDRESS(ROW(),COLUMN(),4)=$CB$5,1,999) -> 999 | BU35: =IF(ADDRESS(ROW(),COLUMN(),4)=$CB$5,1,999) -> 999 | BV35: =IF(ADDRESS(ROW(),COLUMN(),4)=$CB$5,1,999) -> 999 | BW35: =IF(ADDRESS(ROW(),COLUMN(),4)=$CB$5,1,999) -> 999 | BX35: =IF(ADDRESS(ROW(),COLUMN(),4)=$CB$5,1,999) -> 999 | CC35: {=ROUND(Karten_WerteImUmkreis(CC5,A1:BX46,1,1,0,3),)} -> 55
A36: =IF(ADDRESS(ROW(),COLUMN(),4)=$CB$5,1,999) -> 999 | B36: =IF(ADDRESS(ROW(),COLUMN(),4)=$CB$5,1,999) -> 999 | C36: =IF(ADDRESS(ROW(),COLUMN(),4)=$CB$5,1,999) -> 999 | D36: =IF(ADDRESS(ROW(),COLUMN(),4)=$CB$5,1,999) -> 999 | E36: =IF(ADDRESS(ROW(),COLUMN(),4)=$CB$5,1,999) -> 999 | F36: =IF(ADDRESS(ROW(),COLUMN(),4)=$CB$5,1,999) -> 999 | G36: =IF(ADDRESS(ROW(),COLUMN(),4)=$CB$5,1,999) -> 999 | H36: =IF(ADDRESS(ROW(),COLUMN(),4)=$CB$5,1,999) -> 999 | ... AS36: =IF(ADDRESS(ROW(),COLUMN(),4)=$CB$5,1,999) -> 999 | AT36: =IF(MIN(AS36,AT35,AU36,AT37)>MIN(AS35,AS37,AU35,AU37),MIN(AS35,AS37,AU35,AU37)+SQRT(2),MIN(AS36,AT35,AU36,AT37)+1) -> 52.041631 | AU36: =IF(MIN(AT36,AU35,AV36,AU37)>MIN(AT35,AT37,AV35,AV37),MIN(AT35,AT37,AV35,AV37)+SQRT(2),MIN(AT36,AU35,AV36,AU37)+1) -> 52.455844 | AV36: =IF(MIN(AU36,AV35,AW36,AV37)>MIN(AU35,AU37,AW35,AW37),MIN(AU35,AU37,AW35,AW37)+SQRT(2),MIN(AU36,AV35,AW36,AV37)+1) -> 52.870058 | AW36: =IF(MIN(AV36,AW35,AX36,AW37)>MIN(AV35,AV37,AX35,AX37),MIN(AV35,AV37,AX35,AX37)+SQRT(2),MIN(AV36,AW35,AX36,AW37)+1) -> 53.870058 | AX36: =IF(MIN(AW36,AX35,AY36,AX37)>MIN(AW35,AW37,AY35,AY37),MIN(AW35,AW37,AY35,AY37)+SQRT(2),MIN(AW36,AX35,AY36,AX37)+1) -> 54.870058 | AY36: =IF(MIN(AX36,AY35,AZ36,AY37)>MIN(AX35,AX37,AZ35,AZ37),MIN(AX35,AX37,AZ35,AZ37)+SQRT(2),MIN(AX36,AY35,AZ36,AY37)+1) -> 55.870058 | AZ36: =IF(MIN(AY36,AZ35,BA36,AZ37)>MIN(AY35,AY37,BA35,BA37),MIN(AY35,AY37,BA35,BA37)+SQRT(2),MIN(AY36,AZ35,BA36,AZ37)+1) -> 56.870058 | BA36: =IF(MIN(AZ36,BA35,BB36,BA37)>MIN(AZ35,AZ37,BB35,BB37),MIN(AZ35,AZ37,BB35,BB37)+SQRT(2),MIN(AZ36,BA35,BB36,BA37)+1) -> 57.870058 | ... BR36: =IF(MIN(BQ36,BR35,BS36,BR37)>MIN(BQ35,BQ37,BS35,BS37),MIN(BQ35,BQ37,BS35,BS37)+SQRT(2),MIN(BQ36,BR35,BS36,BR37)+1) -> 74.870058 | BS36: =IF(ADDRESS(ROW(),COLUMN(),4)=$CB$5,1,999) -> 999 | BT36: =IF(ADDRESS(ROW(),COLUMN(),4)=$CB$5,1,999) -> 999 | BU36: =IF(ADDRESS(ROW(),COLUMN(),4)=$CB$5,1,999) -> 999 | BV36: =IF(ADDRESS(ROW(),COLUMN(),4)=$CB$5,1,999) -> 999 | BW36: =IF(ADDRESS(ROW(),COLUMN(),4)=$CB$5,1,999) -> 999 | BX36: =IF(ADDRESS(ROW(),COLUMN(),4)=$CB$5,1,999) -> 999 | CB36: 121 | CC36: 60
A37: =IF(ADDRESS(ROW(),COLUMN(),4)=$CB$5,1,999) -> 999 | B37: =IF(ADDRESS(ROW(),COLUMN(),4)=$CB$5,1,999) -> 999 | C37: =IF(ADDRESS(ROW(),COLUMN(),4)=$CB$5,1,999) -> 999 | D37: =IF(ADDRESS(ROW(),COLUMN(),4)=$CB$5,1,999) -> 999 | E37: =IF(ADDRESS(ROW(),COLUMN(),4)=$CB$5,1,999) -> 999 | F37: =IF(ADDRESS(ROW(),COLUMN(),4)=$CB$5,1,999) -> 999 | G37: =IF(ADDRESS(ROW(),COLUMN(),4)=$CB$5,1,999) -> 999 | H37: =IF(ADDRESS(ROW(),COLUMN(),4)=$CB$5,1,999) -> 999 | ... AT37: =IF(ADDRESS(ROW(),COLUMN(),4)=$CB$5,1,999) -> 999 | AU37: =IF(MIN(AT37,AU36,AV37,AU38)>MIN(AT36,AT38,AV36,AV38),MIN(AT36,AT38,AV36,AV38)+SQRT(2),MIN(AT37,AU36,AV37,AU38)+1) -> 53.455844 | AV37: =IF(MIN(AU37,AV36,AW37,AV38)>MIN(AU36,AU38,AW36,AW38),MIN(AU36,AU38,AW36,AW38)+SQRT(2),MIN(AU37,AV36,AW37,AV38)+1) -> 53.870058 | AW37: =IF(MIN(AV37,AW36,AX37,AW38)>MIN(AV36,AV38,AX36,AX38),MIN(AV36,AV38,AX36,AX38)+SQRT(2),MIN(AV37,AW36,AX37,AW38)+1) -> 54.284271 | AX37: =IF(MIN(AW37,AX36,AY37,AX38)>MIN(AW36,AW38,AY36,AY38),MIN(AW36,AW38,AY36,AY38)+SQRT(2),MIN(AW37,AX36,AY37,AX38)+1) -> 55.284271 | AY37: =IF(MIN(AX37,AY36,AZ37,AY38)>MIN(AX36,AX38,AZ36,AZ38),MIN(AX36,AX38,AZ36,AZ38)+SQRT(2),MIN(AX37,AY36,AZ37,AY38)+1) -> 56.284271 | AZ37: =IF(MIN(AY37,AZ36,BA37,AZ38)>MIN(AY36,AY38,BA36,BA38),MIN(AY36,AY38,BA36,BA38)+SQRT(2),MIN(AY37,AZ36,BA37,AZ38)+1) -> 57.284271 | BA37: =IF(MIN(AZ37,BA36,BB37,BA38)>MIN(AZ36,AZ38,BB36,BB38),MIN(AZ36,AZ38,BB36,BB38)+SQRT(2),MIN(AZ37,BA36,BB37,BA38)+1) -> 58.284271 | BB37: =IF(MIN(BA37,BB36,BC37,BB38)>MIN(BA36,BA38,BC36,BC38),MIN(BA36,BA38,BC36,BC38)+SQRT(2),MIN(BA37,BB36,BC37,BB38)+1) -> 59.284271 | ... BS37: =IF(MIN(BR37,BS36,BT37,BS38)>MIN(BR36,BR38,BT36,BT38),MIN(BR36,BR38,BT36,BT38)+SQRT(2),MIN(BR37,BS36,BT37,BS38)+1) -> 76.284271 | BT37: =IF(ADDRESS(ROW(),COLUMN(),4)=$CB$5,1,999) -> 999 | BU37: =IF(ADDRESS(ROW(),COLUMN(),4)=$CB$5,1,999) -> 999 | BV37: =IF(ADDRESS(ROW(),COLUMN(),4)=$CB$5,1,999) -> 999 | BW37: =IF(ADDRESS(ROW(),COLUMN(),4)=$CB$5,1,999) -> 999 | BX37: =IF(ADDRESS(ROW(),COLUMN(),4)=$CB$5,1,999) -> 999 | CB37: 122 | CC37: 49
A38: =IF(ADDRESS(ROW(),COLUMN(),4)=$CB$5,1,999) -> 999 | B38: =IF(ADDRESS(ROW(),COLUMN(),4)=$CB$5,1,999) -> 999 | C38: =IF(ADDRESS(ROW(),COLUMN(),4)=$CB$5,1,999) -> 999 | D38: =IF(ADDRESS(ROW(),COLUMN(),4)=$CB$5,1,999) -> 999 | E38: =IF(ADDRESS(ROW(),COLUMN(),4)=$CB$5,1,999) -> 999 | F38: =IF(ADDRESS(ROW(),COLUMN(),4)=$CB$5,1,999) -> 999 | G38: =IF(ADDRESS(ROW(),COLUMN(),4)=$CB$5,1,999) -> 999 | H38: =IF(ADDRESS(ROW(),COLUMN(),4)=$CB$5,1,999) -> 999 | ... AU38: =IF(ADDRESS(ROW(),COLUMN(),4)=$CB$5,1,999) -> 999 | AV38: =IF(MIN(AU38,AV37,AW38,AV39)>MIN(AU37,AU39,AW37,AW39),MIN(AU37,AU39,AW37,AW39)+SQRT(2),MIN(AU38,AV37,AW38,AV39)+1) -> 54.870058 | AW38: =IF(MIN(AV38,AW37,AX38,AW39)>MIN(AV37,AV39,AX37,AX39),MIN(AV37,AV39,AX37,AX39)+SQRT(2),MIN(AV38,AW37,AX38,AW39)+1) -> 55.284271 | AX38: =IF(MIN(AW38,AX37,AY38,AX39)>MIN(AW37,AW39,AY37,AY39),MIN(AW37,AW39,AY37,AY39)+SQRT(2),MIN(AW38,AX37,AY38,AX39)+1) -> 55.698485 | AY38: =IF(MIN(AX38,AY37,AZ38,AY39)>MIN(AX37,AX39,AZ37,AZ39),MIN(AX37,AX39,AZ37,AZ39)+SQRT(2),MIN(AX38,AY37,AZ38,AY39)+1) -> 56.698485 | AZ38: =IF(MIN(AY38,AZ37,BA38,AZ39)>MIN(AY37,AY39,BA37,BA39),MIN(AY37,AY39,BA37,BA39)+SQRT(2),MIN(AY38,AZ37,BA38,AZ39)+1) -> 57.698485 | BA38: =IF(MIN(AZ38,BA37,BB38,BA39)>MIN(AZ37,AZ39,BB37,BB39),MIN(AZ37,AZ39,BB37,BB39)+SQRT(2),MIN(AZ38,BA37,BB38,BA39)+1) -> 58.698485 | BB38: =IF(MIN(BA38,BB37,BC38,BB39)>MIN(BA37,BA39,BC37,BC39),MIN(BA37,BA39,BC37,BC39)+SQRT(2),MIN(BA38,BB37,BC38,BB39)+1) -> 59.698485 | BC38: =IF(MIN(BB38,BC37,BD38,BC39)>MIN(BB37,BB39,BD37,BD39),MIN(BB37,BB39,BD37,BD39)+SQRT(2),MIN(BB38,BC37,BD38,BC39)+1) -> 60.698485 | ... BT38: =IF(MIN(BS38,BT37,BU38,BT39)>MIN(BS37,BS39,BU37,BU39),MIN(BS37,BS39,BU37,BU39)+SQRT(2),MIN(BS38,BT37,BU38,BT39)+1) -> 77.698485 | BU38: =IF(ADDRESS(ROW(),COLUMN(),4)=$CB$5,1,999) -> 999 | BV38: =IF(ADDRESS(ROW(),COLUMN(),4)=$CB$5,1,999) -> 999 | BW38: =IF(ADDRESS(ROW(),COLUMN(),4)=$CB$5,1,999) -> 999 | BX38: =IF(ADDRESS(ROW(),COLUMN(),4)=$CB$5,1,999) -> 999 | CB38: 123 | CC38: 19
A39: =IF(ADDRESS(ROW(),COLUMN(),4)=$CB$5,1,999) -> 999 | B39: =IF(ADDRESS(ROW(),COLUMN(),4)=$CB$5,1,999) -> 999 | C39: =IF(ADDRESS(ROW(),COLUMN(),4)=$CB$5,1,999) -> 999 | D39: =IF(ADDRESS(ROW(),COLUMN(),4)=$CB$5,1,999) -> 999 | E39: =IF(ADDRESS(ROW(),COLUMN(),4)=$CB$5,1,999) -> 999 | F39: =IF(ADDRESS(ROW(),COLUMN(),4)=$CB$5,1,999) -> 999 | G39: =IF(ADDRESS(ROW(),COLUMN(),4)=$CB$5,1,999) -> 999 | H39: =IF(ADDRESS(ROW(),COLUMN(),4)=$CB$5,1,999) -> 999 | ... AV39: =IF(ADDRESS(ROW(),COLUMN(),4)=$CB$5,1,999) -> 999 | AW39: =IF(MIN(AV39,AW38,AX39,AW40)>MIN(AV38,AV40,AX38,AX40),MIN(AV38,AV40,AX38,AX40)+SQRT(2),MIN(AV39,AW38,AX39,AW40)+1) -> 56.284271 | AX39: =IF(MIN(AW39,AX38,AY39,AX40)>MIN(AW38,AW40,AY38,AY40),MIN(AW38,AW40,AY38,AY40)+SQRT(2),MIN(AW39,AX38,AY39,AX40)+1) -> 56.698485 | AY39: =IF(MIN(AX39,AY38,AZ39,AY40)>MIN(AX38,AX40,AZ38,AZ40),MIN(AX38,AX40,AZ38,AZ40)+SQRT(2),MIN(AX39,AY38,AZ39,AY40)+1) -> 57.112698 | AZ39: =IF(MIN(AY39,AZ38,BA39,AZ40)>MIN(AY38,AY40,BA38,BA40),MIN(AY38,AY40,BA38,BA40)+SQRT(2),MIN(AY39,AZ38,BA39,AZ40)+1) -> 58.112698 | BA39: =IF(MIN(AZ39,BA38,BB39,BA40)>MIN(AZ38,AZ40,BB38,BB40),MIN(AZ38,AZ40,BB38,BB40)+SQRT(2),MIN(AZ39,BA38,BB39,BA40)+1) -> 59.112698 | BB39: =IF(MIN(BA39,BB38,BC39,BB40)>MIN(BA38,BA40,BC38,BC40),MIN(BA38,BA40,BC38,BC40)+SQRT(2),MIN(BA39,BB38,BC39,BB40)+1) -> 60.112698 | BC39: =IF(MIN(BB39,BC38,BD39,BC40)>MIN(BB38,BB40,BD38,BD40),MIN(BB38,BB40,BD38,BD40)+SQRT(2),MIN(BB39,BC38,BD39,BC40)+1) -> 61.112698 | BD39: =IF(MIN(BC39,BD38,BE39,BD40)>MIN(BC38,BC40,BE38,BE40),MIN(BC38,BC40,BE38,BE40)+SQRT(2),MIN(BC39,BD38,BE39,BD40)+1) -> 62.112698 | ... BT39: =IF(MIN(BS39,BT38,BU39,BT40)>MIN(BS38,BS40,BU38,BU40),MIN(BS38,BS40,BU38,BU40)+SQRT(2),MIN(BS39,BT38,BU39,BT40)+1) -> 78.112698 | BU39: =IF(ADDRESS(ROW(),COLUMN(),4)=$CB$5,1,999) -> 999 | BV39: =IF(ADDRESS(ROW(),COLUMN(),4)=$CB$5,1,999) -> 999 | BW39: =IF(ADDRESS(ROW(),COLUMN(),4)=$CB$5,1,999) -> 999 | BX39: =IF(ADDRESS(ROW(),COLUMN(),4)=$CB$5,1,999) -> 999 | CB39: 124 | CC39: 23
A40: =IF(ADDRESS(ROW(),COLUMN(),4)=$CB$5,1,999) -> 999 | B40: =IF(ADDRESS(ROW(),COLUMN(),4)=$CB$5,1,999) -> 999 | C40: =IF(ADDRESS(ROW(),COLUMN(),4)=$CB$5,1,999) -> 999 | D40: =IF(ADDRESS(ROW(),COLUMN(),4)=$CB$5,1,999) -> 999 | E40: =IF(ADDRESS(ROW(),COLUMN(),4)=$CB$5,1,999) -> 999 | F40: =IF(ADDRESS(ROW(),COLUMN(),4)=$CB$5,1,999) -> 999 | G40: =IF(ADDRESS(ROW(),COLUMN(),4)=$CB$5,1,999) -> 999 | H40: =IF(ADDRESS(ROW(),COLUMN(),4)=$CB$5,1,999) -> 999 | ... AW40: =IF(ADDRESS(ROW(),COLUMN(),4)=$CB$5,1,999) -> 999 | AX40: =IF(MIN(AW40,AX39,AY40,AX41)>MIN(AW39,AW41,AY39,AY41),MIN(AW39,AW41,AY39,AY41)+SQRT(2),MIN(AW40,AX39,AY40,AX41)+1) -> 57.698485 | AY40: =IF(MIN(AX40,AY39,AZ40,AY41)>MIN(AX39,AX41,AZ39,AZ41),MIN(AX39,AX41,AZ39,AZ41)+SQRT(2),MIN(AX40,AY39,AZ40,AY41)+1) -> 58.112698 | AZ40: =IF(MIN(AY40,AZ39,BA40,AZ41)>MIN(AY39,AY41,BA39,BA41),MIN(AY39,AY41,BA39,BA41)+SQRT(2),MIN(AY40,AZ39,BA40,AZ41)+1) -> 58.526912 | BA40: =IF(MIN(AZ40,BA39,BB40,BA41)>MIN(AZ39,AZ41,BB39,BB41),MIN(AZ39,AZ41,BB39,BB41)+SQRT(2),MIN(AZ40,BA39,BB40,BA41)+1) -> 59.526912 | BB40: =IF(MIN(BA40,BB39,BC40,BB41)>MIN(BA39,BA41,BC39,BC41),MIN(BA39,BA41,BC39,BC41)+SQRT(2),MIN(BA40,BB39,BC40,BB41)+1) -> 60.526912 | BC40: =IF(MIN(BB40,BC39,BD40,BC41)>MIN(BB39,BB41,BD39,BD41),MIN(BB39,BB41,BD39,BD41)+SQRT(2),MIN(BB40,BC39,BD40,BC41)+1) -> 61.526912 | BD40: =IF(MIN(BC40,BD39,BE40,BD41)>MIN(BC39,BC41,BE39,BE41),MIN(BC39,BC41,BE39,BE41)+SQRT(2),MIN(BC40,BD39,BE40,BD41)+1) -> 62.526912 | BE40: =IF(MIN(BD40,BE39,BF40,BE41)>MIN(BD39,BD41,BF39,BF41),MIN(BD39,BD41,BF39,BF41)+SQRT(2),MIN(BD40,BE39,BF40,BE41)+1) -> 63.526912 | ... BK40: =IF(MIN(BJ40,BK39,BL40,BK41)>MIN(BJ39,BJ41,BL39,BL41),MIN(BJ39,BJ41,BL39,BL41)+SQRT(2),MIN(BJ40,BK39,BL40,BK41)+1) -> 69.526912 | BL40: =IF(ADDRESS(ROW(),COLUMN(),4)=$CB$5,1,999) -> 999 | BM40: =IF(MIN(BL40,BM39,BN40,BM41)>MIN(BL39,BL41,BN39,BN41),MIN(BL39,BL41,BN39,BN41)+SQRT(2),MIN(BL40,BM39,BN40,BM41)+1) -> 71.526912 | BN40: =IF(MIN(BM40,BN39,BO40,BN41)>MIN(BM39,BM41,BO39,BO41),MIN(BM39,BM41,BO39,BO41)+SQRT(2),MIN(BM40,BN39,BO40,BN41)+1) -> 72.526912 | BO40: =IF(MIN(BN40,BO39,BP40,BO41)>MIN(BN39,BN41,BP39,BP41),MIN(BN39,BN41,BP39,BP41)+SQRT(2),MIN(BN40,BO39,BP40,BO41)+1) -> 73.526912 | BP40: =IF(ADDRESS(ROW(),COLUMN(),4)=$CB$5,1,999) -> 999 | BQ40: =IF(ADDRESS(ROW(),COLUMN(),4)=$CB$5,1,999) -> 999 | BR40: =IF(ADDRESS(ROW(),COLUMN(),4)=$CB$5,1,999) -> 999 | BS40: =IF(ADDRESS(ROW(),COLUMN(),4)=$CB$5,1,999) -> 999 | BT40: =IF(ADDRESS(ROW(),COLUMN(),4)=$CB$5,1,999) -> 999 | BU40: =IF(ADDRESS(ROW(),COLUMN(),4)=$CB$5,1,999) -> 999 | BV40: =IF(ADDRESS(ROW(),COLUMN(),4)=$CB$5,1,999) -> 999 | BW40: =IF(ADDRESS(ROW(),COLUMN(),4)=$CB$5,1,999) -> 999 | BX40: =IF(ADDRESS(ROW(),COLUMN(),4)=$CB$5,1,999) -> 999 | CB40: 125 | CC40: 20
A41: =IF(ADDRESS(ROW(),COLUMN(),4)=$CB$5,1,999) -> 999 | B41: =IF(ADDRESS(ROW(),COLUMN(),4)=$CB$5,1,999) -> 999 | C41: =IF(ADDRESS(ROW(),COLUMN(),4)=$CB$5,1,999) -> 999 | D41: =IF(ADDRESS(ROW(),COLUMN(),4)=$CB$5,1,999) -> 999 | E41: =IF(ADDRESS(ROW(),COLUMN(),4)=$CB$5,1,999) -> 999 | F41: =IF(ADDRESS(ROW(),COLUMN(),4)=$CB$5,1,999) -> 999 | G41: =IF(ADDRESS(ROW(),COLUMN(),4)=$CB$5,1,999) -> 999 | H41: =IF(ADDRESS(ROW(),COLUMN(),4)=$CB$5,1,999) -> 999 | ... AX41: =IF(ADDRESS(ROW(),COLUMN(),4)=$CB$5,1,999) -> 999 | AY41: =IF(MIN(AX41,AY40,AZ41,AY42)>MIN(AX40,AX42,AZ40,AZ42),MIN(AX40,AX42,AZ40,AZ42)+SQRT(2),MIN(AX41,AY40,AZ41,AY42)+1) -> 59.112698 | AZ41: =IF(MIN(AY41,AZ40,BA41,AZ42)>MIN(AY40,AY42,BA40,BA42),MIN(AY40,AY42,BA40,BA42)+SQRT(2),MIN(AY41,AZ40,BA41,AZ42)+1) -> 59.526912 | BA41: =IF(MIN(AZ41,BA40,BB41,BA42)>MIN(AZ40,AZ42,BB40,BB42),MIN(AZ40,AZ42,BB40,BB42)+SQRT(2),MIN(AZ41,BA40,BB41,BA42)+1) -> 59.941125 | BB41: =IF(MIN(BA41,BB40,BC41,BB42)>MIN(BA40,BA42,BC40,BC42),MIN(BA40,BA42,BC40,BC42)+SQRT(2),MIN(BA41,BB40,BC41,BB42)+1) -> 60.941125 | BC41: =IF(MIN(BB41,BC40,BD41,BC42)>MIN(BB40,BB42,BD40,BD42),MIN(BB40,BB42,BD40,BD42)+SQRT(2),MIN(BB41,BC40,BD41,BC42)+1) -> 61.941125 | BD41: =IF(MIN(BC41,BD40,BE41,BD42)>MIN(BC40,BC42,BE40,BE42),MIN(BC40,BC42,BE40,BE42)+SQRT(2),MIN(BC41,BD40,BE41,BD42)+1) -> 62.941125 | BE41: =IF(MIN(BD41,BE40,BF41,BE42)>MIN(BD40,BD42,BF40,BF42),MIN(BD40,BD42,BF40,BF42)+SQRT(2),MIN(BD41,BE40,BF41,BE42)+1) -> 63.941125 | BF41: =IF(ADDRESS(ROW(),COLUMN(),4)=$CB$5,1,999) -> 999 | BG41: =IF(ADDRESS(ROW(),COLUMN(),4)=$CB$5,1,999) -> 999 | BH41: =IF(MIN(BG41,BH40,BI41,BH42)>MIN(BG40,BG42,BI40,BI42),MIN(BG40,BG42,BI40,BI42)+SQRT(2),MIN(BG41,BH40,BI41,BH42)+1) -> 66.941125 | BI41: =IF(MIN(BH41,BI40,BJ41,BI42)>MIN(BH40,BH42,BJ40,BJ42),MIN(BH40,BH42,BJ40,BJ42)+SQRT(2),MIN(BH41,BI40,BJ41,BI42)+1) -> 67.941125 | BJ41: =IF(MIN(BI41,BJ40,BK41,BJ42)>MIN(BI40,BI42,BK40,BK42),MIN(BI40,BI42,BK40,BK42)+SQRT(2),MIN(BI41,BJ40,BK41,BJ42)+1) -> 68.941125 | BK41: =IF(ADDRESS(ROW(),COLUMN(),4)=$CB$5,1,999) -> 999 | BL41: =IF(ADDRESS(ROW(),COLUMN(),4)=$CB$5,1,999) -> 999 | BM41: =IF(MIN(BL41,BM40,BN41,BM42)>MIN(BL40,BL42,BN40,BN42),MIN(BL40,BL42,BN40,BN42)+SQRT(2),MIN(BL41,BM40,BN41,BM42)+1) -> 72.526912 | BN41: =IF(ADDRESS(ROW(),COLUMN(),4)=$CB$5,1,999) -> 999 | BO41: =IF(ADDRESS(ROW(),COLUMN(),4)=$CB$5,1,999) -> 999 | BP41: =IF(ADDRESS(ROW(),COLUMN(),4)=$CB$5,1,999) -> 999 | BQ41: =IF(ADDRESS(ROW(),COLUMN(),4)=$CB$5,1,999) -> 999 | BR41: =IF(ADDRESS(ROW(),COLUMN(),4)=$CB$5,1,999) -> 999 | BS41: =IF(ADDRESS(ROW(),COLUMN(),4)=$CB$5,1,999) -> 999 | BT41: =IF(ADDRESS(ROW(),COLUMN(),4)=$CB$5,1,999) -> 999 | BU41: =IF(ADDRESS(ROW(),COLUMN(),4)=$CB$5,1,999) -> 999 | ... BX41: =IF(ADDRESS(ROW(),COLUMN(),4)=$CB$5,1,999) -> 999 | CB41: 126 | CC41: 28
A42: =IF(ADDRESS(ROW(),COLUMN(),4)=$CB$5,1,999) -> 999 | B42: =IF(ADDRESS(ROW(),COLUMN(),4)=$CB$5,1,999) -> 999 | C42: =IF(ADDRESS(ROW(),COLUMN(),4)=$CB$5,1,999) -> 999 | D42: =IF(ADDRESS(ROW(),COLUMN(),4)=$CB$5,1,999) -> 999 | E42: =IF(ADDRESS(ROW(),COLUMN(),4)=$CB$5,1,999) -> 999 | F42: =IF(ADDRESS(ROW(),COLUMN(),4)=$CB$5,1,999) -> 999 | G42: =IF(ADDRESS(ROW(),COLUMN(),4)=$CB$5,1,999) -> 999 | H42: =IF(ADDRESS(ROW(),COLUMN(),4)=$CB$5,1,999) -> 999 | ... AY42: =IF(ADDRESS(ROW(),COLUMN(),4)=$CB$5,1,999) -> 999 | AZ42: =IF(MIN(AY42,AZ41,BA42,AZ43)>MIN(AY41,AY43,BA41,BA43),MIN(AY41,AY43,BA41,BA43)+SQRT(2),MIN(AY42,AZ41,BA42,AZ43)+1) -> 60.526912 | BA42: =IF(MIN(AZ42,BA41,BB42,BA43)>MIN(AZ41,AZ43,BB41,BB43),MIN(AZ41,AZ43,BB41,BB43)+SQRT(2),MIN(AZ42,BA41,BB42,BA43)+1) -> 60.941125 | BB42: =IF(MIN(BA42,BB41,BC42,BB43)>MIN(BA41,BA43,BC41,BC43),MIN(BA41,BA43,BC41,BC43)+SQRT(2),MIN(BA42,BB41,BC42,BB43)+1) -> 61.355339 | BC42: =IF(MIN(BB42,BC41,BD42,BC43)>MIN(BB41,BB43,BD41,BD43),MIN(BB41,BB43,BD41,BD43)+SQRT(2),MIN(BB42,BC41,BD42,BC43)+1) -> 62.355339 | BD42: =IF(MIN(BC42,BD41,BE42,BD43)>MIN(BC41,BC43,BE41,BE43),MIN(BC41,BC43,BE41,BE43)+SQRT(2),MIN(BC42,BD41,BE42,BD43)+1) -> 63.355339 | BE42: =IF(ADDRESS(ROW(),COLUMN(),4)=$CB$5,1,999) -> 999 | BF42: =IF(ADDRESS(ROW(),COLUMN(),4)=$CB$5,1,999) -> 999 | BG42: =IF(ADDRESS(ROW(),COLUMN(),4)=$CB$5,1,999) -> 999 | BH42: =IF(ADDRESS(ROW(),COLUMN(),4)=$CB$5,1,999) -> 999 | BI42: =IF(ADDRESS(ROW(),COLUMN(),4)=$CB$5,1,999) -> 999 | BJ42: =IF(ADDRESS(ROW(),COLUMN(),4)=$CB$5,1,999) -> 999 | BK42: =IF(ADDRESS(ROW(),COLUMN(),4)=$CB$5,1,999) -> 999 | BL42: =IF(ADDRESS(ROW(),COLUMN(),4)=$CB$5,1,999) -> 999 | ... BX42: =IF(ADDRESS(ROW(),COLUMN(),4)=$CB$5,1,999) -> 999 | CB42: 127 | CC42: 8
A43: =IF(ADDRESS(ROW(),COLUMN(),4)=$CB$5,1,999) -> 999 | B43: =IF(ADDRESS(ROW(),COLUMN(),4)=$CB$5,1,999) -> 999 | C43: =IF(ADDRESS(ROW(),COLUMN(),4)=$CB$5,1,999) -> 999 | D43: =IF(ADDRESS(ROW(),COLUMN(),4)=$CB$5,1,999) -> 999 | E43: =IF(ADDRESS(ROW(),COLUMN(),4)=$CB$5,1,999) -> 999 | F43: =IF(ADDRESS(ROW(),COLUMN(),4)=$CB$5,1,999) -> 999 | G43: =IF(ADDRESS(ROW(),COLUMN(),4)=$CB$5,1,999) -> 999 | H43: =IF(ADDRESS(ROW(),COLUMN(),4)=$CB$5,1,999) -> 999 | ... BX43: =IF(ADDRESS(ROW(),COLUMN(),4)=$CB$5,1,999) -> 999 | CB43: 128 | CC43: 12
A44: =IF(ADDRESS(ROW(),COLUMN(),4)=$CB$5,1,999) -> 999 | B44: =IF(ADDRESS(ROW(),COLUMN(),4)=$CB$5,1,999) -> 999 | C44: =IF(ADDRESS(ROW(),COLUMN(),4)=$CB$5,1,999) -> 999 | D44: =IF(ADDRESS(ROW(),COLUMN(),4)=$CB$5,1,999) -> 999 | E44: =IF(ADDRESS(ROW(),COLUMN(),4)=$CB$5,1,999) -> 999 | F44: =IF(ADDRESS(ROW(),COLUMN(),4)=$CB$5,1,999) -> 999 | G44: =IF(ADDRESS(ROW(),COLUMN(),4)=$CB$5,1,999) -> 999 | H44: =IF(ADDRESS(ROW(),COLUMN(),4)=$CB$5,1,999) -> 999 | ... BX44: =IF(ADDRESS(ROW(),COLUMN(),4)=$CB$5,1,999) -> 999 | CB44: 129 | CC44: 38
A45: =IF(ADDRESS(ROW(),COLUMN(),4)=$CB$5,1,999) -> 999 | B45: =IF(ADDRESS(ROW(),COLUMN(),4)=$CB$5,1,999) -> 999 | C45: =IF(ADDRESS(ROW(),COLUMN(),4)=$CB$5,1,999) -> 999 | D45: =IF(ADDRESS(ROW(),COLUMN(),4)=$CB$5,1,999) -> 999 | E45: =IF(ADDRESS(ROW(),COLUMN(),4)=$CB$5,1,999) -> 999 | F45: =IF(ADDRESS(ROW(),COLUMN(),4)=$CB$5,1,999) -> 999 | G45: =IF(ADDRESS(ROW(),COLUMN(),4)=$CB$5,1,999) -> 999 | H45: =IF(ADDRESS(ROW(),COLUMN(),4)=$CB$5,1,999) -> 999 | ... BX45: =IF(ADDRESS(ROW(),COLUMN(),4)=$CB$5,1,999) -> 999 | CB45: 130 | CC45: 24
A46: =IF(ADDRESS(ROW(),COLUMN(),4)=$CB$5,1,999) -> 999 | B46: =IF(ADDRESS(ROW(),COLUMN(),4)=$CB$5,1,999) -> 999 | C46: =IF(ADDRESS(ROW(),COLUMN(),4)=$CB$5,1,999) -> 999 | D46: =IF(ADDRESS(ROW(),COLUMN(),4)=$CB$5,1,999) -> 999 | E46: =IF(ADDRESS(ROW(),COLUMN(),4)=$CB$5,1,999) -> 999 | F46: =IF(ADDRESS(ROW(),COLUMN(),4)=$CB$5,1,999) -> 999 | G46: =IF(ADDRESS(ROW(),COLUMN(),4)=$CB$5,1,999) -> 999 | H46: =IF(ADDRESS(ROW(),COLUMN(),4)=$CB$5,1,999) -> 999 | ... BX46: =IF(ADDRESS(ROW(),COLUMN(),4)=$CB$5,1,999) -> 999 | CB46: 131 | CC46: 12
CB47: 132 | CC47: 41
CB48: 133 | CC48: 27
CB49: 134 | CC49: 43
CB50: 135 | CC50: 51
CB51: 136 | CC51: 36
CB52: 137 | CC52: 66
CB53: 138 | CC53: 18
CB54: 139 | CC54: 15
CB55: 140 | CC55: 45

Sheet B5
B1: {=TRANSPOSE(A2:A23)} -> T16 | C1: AV39 | D1: Q7 | E1: BS40 | F1: AT21 | G1: AZ23 | H1: AX41 | I1: AD22 | J1: BI30 | K1: AC24 | L1: BE30 | M1: BO35 | N1: T5 | O1: AJ19 | P1: M14 | Q1: AR33 | R1: BA43 | S1: N23 | T1: D23 | U1: AB11 | V1: AG16 | W1: AO31
A2: T16 | B2: {=ROUND(EntfernungZellen($A2,B$1,1),)} -> 0 | C2: {=ROUND(EntfernungZellen($A2,C$1,1),)} -> 36 | D2: {=ROUND(EntfernungZellen($A2,D$1,1),)} -> 9 | E2: {=ROUND(EntfernungZellen($A2,E$1,1),)} -> 56 | F2: {=ROUND(EntfernungZellen($A2,F$1,1),)} -> 26 | G2: {=ROUND(EntfernungZellen($A2,G$1,1),)} -> 33 | H2: {=ROUND(EntfernungZellen($A2,H$1,1),)} -> 39 | I2: {=ROUND(EntfernungZellen($A2,I$1,1),)} -> 12 | ... W2: {=ROUND(EntfernungZellen($A2,W$1,1),)} -> 26 | Z2: =MAX(B2:W23) -> 69
A3: AV39 | B3: {=ROUND(EntfernungZellen($A3,B$1,1),)} -> 36 | C3: {=ROUND(EntfernungZellen($A3,C$1,1),)} -> 0 | D3: {=ROUND(EntfernungZellen($A3,D$1,1),)} -> 45 | E3: {=ROUND(EntfernungZellen($A3,E$1,1),)} -> 23 | F3: {=ROUND(EntfernungZellen($A3,F$1,1),)} -> 18 | G3: {=ROUND(EntfernungZellen($A3,G$1,1),)} -> 16 | H3: {=ROUND(EntfernungZellen($A3,H$1,1),)} -> 3 | I3: {=ROUND(EntfernungZellen($A3,I$1,1),)} -> 25 | ... W3: {=ROUND(EntfernungZellen($A3,W$1,1),)} -> 11
A4: Q7 | B4: {=ROUND(EntfernungZellen($A4,B$1,1),)} -> 9 | C4: {=ROUND(EntfernungZellen($A4,C$1,1),)} -> 45 | D4: {=ROUND(EntfernungZellen($A4,D$1,1),)} -> 0 | E4: {=ROUND(EntfernungZellen($A4,E$1,1),)} -> 63 | F4: {=ROUND(EntfernungZellen($A4,F$1,1),)} -> 32 | G4: {=ROUND(EntfernungZellen($A4,G$1,1),)} -> 38 | H4: {=ROUND(EntfernungZellen($A4,H$1,1),)} -> 47 | I4: {=ROUND(EntfernungZellen($A4,I$1,1),)} -> 20 | ... W4: {=ROUND(EntfernungZellen($A4,W$1,1),)} -> 34
A5: BS40 | B5: {=ROUND(EntfernungZellen($A5,B$1,1),)} -> 56 | C5: {=ROUND(EntfernungZellen($A5,C$1,1),)} -> 23 | D5: {=ROUND(EntfernungZellen($A5,D$1,1),)} -> 63 | E5: {=ROUND(EntfernungZellen($A5,E$1,1),)} -> 0 | F5: {=ROUND(EntfernungZellen($A5,F$1,1),)} -> 31 | G5: {=ROUND(EntfernungZellen($A5,G$1,1),)} -> 25 | H5: {=ROUND(EntfernungZellen($A5,H$1,1),)} -> 21 | I5: {=ROUND(EntfernungZellen($A5,I$1,1),)} -> 45 | ... W5: {=ROUND(EntfernungZellen($A5,W$1,1),)} -> 31
A6: AT21 | B6: {=ROUND(EntfernungZellen($A6,B$1,1),)} -> 26 | C6: {=ROUND(EntfernungZellen($A6,C$1,1),)} -> 18 | D6: {=ROUND(EntfernungZellen($A6,D$1,1),)} -> 32 | E6: {=ROUND(EntfernungZellen($A6,E$1,1),)} -> 31 | F6: {=ROUND(EntfernungZellen($A6,F$1,1),)} -> 0 | G6: {=ROUND(EntfernungZellen($A6,G$1,1),)} -> 6 | H6: {=ROUND(EntfernungZellen($A6,H$1,1),)} -> 20 | I6: {=ROUND(EntfernungZellen($A6,I$1,1),)} -> 16 | ... W6: {=ROUND(EntfernungZellen($A6,W$1,1),)} -> 11
A7: AZ23 | B7: {=ROUND(EntfernungZellen($A7,B$1,1),)} -> 33 | C7: {=ROUND(EntfernungZellen($A7,C$1,1),)} -> 16 | D7: {=ROUND(EntfernungZellen($A7,D$1,1),)} -> 38 | E7: {=ROUND(EntfernungZellen($A7,E$1,1),)} -> 25 | F7: {=ROUND(EntfernungZellen($A7,F$1,1),)} -> 6 | G7: {=ROUND(EntfernungZellen($A7,G$1,1),)} -> 0 | H7: {=ROUND(EntfernungZellen($A7,H$1,1),)} -> 18 | I7: {=ROUND(EntfernungZellen($A7,I$1,1),)} -> 22 | ... W7: {=ROUND(EntfernungZellen($A7,W$1,1),)} -> 14
A8: AX41 | B8: {=ROUND(EntfernungZellen($A8,B$1,1),)} -> 39 | C8: {=ROUND(EntfernungZellen($A8,C$1,1),)} -> 3 | D8: {=ROUND(EntfernungZellen($A8,D$1,1),)} -> 47 | E8: {=ROUND(EntfernungZellen($A8,E$1,1),)} -> 21 | F8: {=ROUND(EntfernungZellen($A8,F$1,1),)} -> 20 | G8: {=ROUND(EntfernungZellen($A8,G$1,1),)} -> 18 | H8: {=ROUND(EntfernungZellen($A8,H$1,1),)} -> 0 | I8: {=ROUND(EntfernungZellen($A8,I$1,1),)} -> 28 | ... W8: {=ROUND(EntfernungZellen($A8,W$1,1),)} -> 13
A9: AD22 | B9: {=ROUND(EntfernungZellen($A9,B$1,1),)} -> 12 | C9: {=ROUND(EntfernungZellen($A9,C$1,1),)} -> 25 | D9: {=ROUND(EntfernungZellen($A9,D$1,1),)} -> 20 | E9: {=ROUND(EntfernungZellen($A9,E$1,1),)} -> 45 | F9: {=ROUND(EntfernungZellen($A9,F$1,1),)} -> 16 | G9: {=ROUND(EntfernungZellen($A9,G$1,1),)} -> 22 | H9: {=ROUND(EntfernungZellen($A9,H$1,1),)} -> 28 | I9: {=ROUND(EntfernungZellen($A9,I$1,1),)} -> 0 | ... W9: {=ROUND(EntfernungZellen($A9,W$1,1),)} -> 14
A10: BI30 | B10: {=ROUND(EntfernungZellen($A10,B$1,1),)} -> 43 | C10: {=ROUND(EntfernungZellen($A10,C$1,1),)} -> 16 | D10: {=ROUND(EntfernungZellen($A10,D$1,1),)} -> 50 | E10: {=ROUND(EntfernungZellen($A10,E$1,1),)} -> 14 | F10: {=ROUND(EntfernungZellen($A10,F$1,1),)} -> 17 | G10: {=ROUND(EntfernungZellen($A10,G$1,1),)} -> 11 | H10: {=ROUND(EntfernungZellen($A10,H$1,1),)} -> 16 | I10: {=ROUND(EntfernungZellen($A10,I$1,1),)} -> 32 | ... W10: {=ROUND(EntfernungZellen($A10,W$1,1),)} -> 20
A11: AC24 | B11: {=ROUND(EntfernungZellen($A11,B$1,1),)} -> 12 | C11: {=ROUND(EntfernungZellen($A11,C$1,1),)} -> 24 | D11: {=ROUND(EntfernungZellen($A11,D$1,1),)} -> 21 | E11: {=ROUND(EntfernungZellen($A11,E$1,1),)} -> 45 | F11: {=ROUND(EntfernungZellen($A11,F$1,1),)} -> 17 | G11: {=ROUND(EntfernungZellen($A11,G$1,1),)} -> 23 | H11: {=ROUND(EntfernungZellen($A11,H$1,1),)} -> 27 | I11: {=ROUND(EntfernungZellen($A11,I$1,1),)} -> 2 | ... W11: {=ROUND(EntfernungZellen($A11,W$1,1),)} -> 14
A12: BE30 | B12: {=ROUND(EntfernungZellen($A12,B$1,1),)} -> 40 | C12: {=ROUND(EntfernungZellen($A12,C$1,1),)} -> 13 | D12: {=ROUND(EntfernungZellen($A12,D$1,1),)} -> 46 | E12: {=ROUND(EntfernungZellen($A12,E$1,1),)} -> 17 | F12: {=ROUND(EntfernungZellen($A12,F$1,1),)} -> 14 | G12: {=ROUND(EntfernungZellen($A12,G$1,1),)} -> 9 | H12: {=ROUND(EntfernungZellen($A12,H$1,1),)} -> 13 | I12: {=ROUND(EntfernungZellen($A12,I$1,1),)} -> 28 | ... W12: {=ROUND(EntfernungZellen($A12,W$1,1),)} -> 16
A13: BO35 | B13: {=ROUND(EntfernungZellen($A13,B$1,1),)} -> 51 | C13: {=ROUND(EntfernungZellen($A13,C$1,1),)} -> 19 | D13: {=ROUND(EntfernungZellen($A13,D$1,1),)} -> 57 | E13: {=ROUND(EntfernungZellen($A13,E$1,1),)} -> 6 | F13: {=ROUND(EntfernungZellen($A13,F$1,1),)} -> 25 | G13: {=ROUND(EntfernungZellen($A13,G$1,1),)} -> 19 | H13: {=ROUND(EntfernungZellen($A13,H$1,1),)} -> 18 | I13: {=ROUND(EntfernungZellen($A13,I$1,1),)} -> 39 | ... W13: {=ROUND(EntfernungZellen($A13,W$1,1),)} -> 26
A14: T5 | B14: {=ROUND(EntfernungZellen($A14,B$1,1),)} -> 11 | C14: {=ROUND(EntfernungZellen($A14,C$1,1),)} -> 44 | D14: {=ROUND(EntfernungZellen($A14,D$1,1),)} -> 4 | E14: {=ROUND(EntfernungZellen($A14,E$1,1),)} -> 62 | F14: {=ROUND(EntfernungZellen($A14,F$1,1),)} -> 31 | G14: {=ROUND(EntfernungZellen($A14,G$1,1),)} -> 37 | H14: {=ROUND(EntfernungZellen($A14,H$1,1),)} -> 47 | I14: {=ROUND(EntfernungZellen($A14,I$1,1),)} -> 20 | ... W14: {=ROUND(EntfernungZellen($A14,W$1,1),)} -> 33
... A23: AO31 | B23: {=ROUND(EntfernungZellen($A23,B$1,1),)} -> 26 | C23: {=ROUND(EntfernungZellen($A23,C$1,1),)} -> 11 | D23: {=ROUND(EntfernungZellen($A23,D$1,1),)} -> 34 | E23: {=ROUND(EntfernungZellen($A23,E$1,1),)} -> 31 | F23: {=ROUND(EntfernungZellen($A23,F$1,1),)} -> 11 | G23: {=ROUND(EntfernungZellen($A23,G$1,1),)} -> 14 | H23: {=ROUND(EntfernungZellen($A23,H$1,1),)} -> 13 | I23: {=ROUND(EntfernungZellen($A23,I$1,1),)} -> 14 | ... W23: {=ROUND(EntfernungZellen($A23,W$1,1),)} -> 0

Sheet B3
A9: 46023 | B9: =SUMIFS('Zuflüsse - Flüsse'!$M:$M,'Zuflüsse - Flüsse'!$A:$A,"<="&A9) -> 15977088000 | C9: =SUMIFS('Andere Zuflüsse'!$C:$C,'Andere Zuflüsse'!$A:$A,"<="&A9) -> 1.444608e+09 | D9: =SUMIFS(Abflüsse!$I:$I,Abflüsse!$A:$A,"<="&A9) -> 2.8794804e+10 | E9: =B9+C9-D9 -> -1.1373108e+10 | F9: =ROUND(E9/(552*1000*1000),) -> -21
A10: =A9+1 -> 46024 | B10: =SUMIFS('Zuflüsse - Flüsse'!$M:$M,'Zuflüsse - Flüsse'!$A:$A,"<="&A10) -> 6.5740896e+10 | C10: =SUMIFS('Andere Zuflüsse'!$C:$C,'Andere Zuflüsse'!$A:$A,"<="&A10) -> 2489097600 | D10: =SUMIFS(Abflüsse!$I:$I,Abflüsse!$A:$A,"<="&A10) -> 61232518080 | E10: =B10+C10-D10 -> 6.9974755e+09 | F10: =ROUND(E10/(552*1000*1000),) -> 13
A11: =A10+1 -> 46025 | B11: =SUMIFS('Zuflüsse - Flüsse'!$M:$M,'Zuflüsse - Flüsse'!$A:$A,"<="&A11) -> 73642176000 | C11: =SUMIFS('Andere Zuflüsse'!$C:$C,'Andere Zuflüsse'!$A:$A,"<="&A11) -> 3783456000 | D11: =SUMIFS(Abflüsse!$I:$I,Abflüsse!$A:$A,"<="&A11) -> 88697609280 | E11: =B11+C11-D11 -> -11271977280 | F11: =ROUND(E11/(552*1000*1000),) -> -20
A12: =A11+1 -> 46026 | B12: =SUMIFS('Zuflüsse - Flüsse'!$M:$M,'Zuflüsse - Flüsse'!$A:$A,"<="&A12) -> 99325440000 | C12: =SUMIFS('Andere Zuflüsse'!$C:$C,'Andere Zuflüsse'!$A:$A,"<="&A12) -> 4984934400 | D12: =SUMIFS(Abflüsse!$I:$I,Abflüsse!$A:$A,"<="&A12) -> 121570277760 | E12: =B12+C12-D12 -> -17259903360 | F12: =ROUND(E12/(552*1000*1000),) -> -31
A13: =A12+1 -> 46027 | B13: =SUMIFS('Zuflüsse - Flüsse'!$M:$M,'Zuflüsse - Flüsse'!$A:$A,"<="&A13) -> 138633120000 | C13: =SUMIFS('Andere Zuflüsse'!$C:$C,'Andere Zuflüsse'!$A:$A,"<="&A13) -> 6224256000 | D13: =SUMIFS(Abflüsse!$I:$I,Abflüsse!$A:$A,"<="&A13) -> 152003917440 | E13: =B13+C13-D13 -> -7146541440 | F13: =ROUND(E13/(552*1000*1000),) -> -13
A14: =A13+1 -> 46028 | B14: =SUMIFS('Zuflüsse - Flüsse'!$M:$M,'Zuflüsse - Flüsse'!$A:$A,"<="&A14) -> 171177408000 | C14: =SUMIFS('Andere Zuflüsse'!$C:$C,'Andere Zuflüsse'!$A:$A,"<="&A14) -> 7558099200 | D14: =SUMIFS(Abflüsse!$I:$I,Abflüsse!$A:$A,"<="&A14) -> 185739255360 | E14: =B14+C14-D14 -> -7003748160 | F14: =ROUND(E14/(552*1000*1000),) -> -13
A15: =A14+1 -> 46029 | B15: =SUMIFS('Zuflüsse - Flüsse'!$M:$M,'Zuflüsse - Flüsse'!$A:$A,"<="&A15) -> 205054848000 | C15: =SUMIFS('Andere Zuflüsse'!$C:$C,'Andere Zuflüsse'!$A:$A,"<="&A15) -> 8942313600 | D15: =SUMIFS(Abflüsse!$I:$I,Abflüsse!$A:$A,"<="&A15) -> 220471450560 | E15: =B15+C15-D15 -> -6474288960 | F15: =ROUND(E15/(552*1000*1000),) -> -12
A16: =A15+1 -> 46030 | B16: =SUMIFS('Zuflüsse - Flüsse'!$M:$M,'Zuflüsse - Flüsse'!$A:$A,"<="&A16) -> 227337408000 | C16: =SUMIFS('Andere Zuflüsse'!$C:$C,'Andere Zuflüsse'!$A:$A,"<="&A16) -> 10308556800 | D16: =SUMIFS(Abflüsse!$I:$I,Abflüsse!$A:$A,"<="&A16) -> 244742817600 | E16: =B16+C16-D16 -> -7096852800 | F16: =ROUND(E16/(552*1000*1000),) -> -13
A17: =A16+1 -> 46031 | B17: =SUMIFS('Zuflüsse - Flüsse'!$M:$M,'Zuflüsse - Flüsse'!$A:$A,"<="&A17) -> 270747360000 | C17: =SUMIFS('Andere Zuflüsse'!$C:$C,'Andere Zuflüsse'!$A:$A,"<="&A17) -> 11312611200 | D17: =SUMIFS(Abflüsse!$I:$I,Abflüsse!$A:$A,"<="&A17) -> 273929333760 | E17: =B17+C17-D17 -> 8130637440 | F17: =ROUND(E17/(552*1000*1000),) -> 15
A18: =A17+1 -> 46032 | B18: =SUMIFS('Zuflüsse - Flüsse'!$M:$M,'Zuflüsse - Flüsse'!$A:$A,"<="&A18) -> 305646912000 | C18: =SUMIFS('Andere Zuflüsse'!$C:$C,'Andere Zuflüsse'!$A:$A,"<="&A18) -> 12693369600 | D18: =SUMIFS(Abflüsse!$I:$I,Abflüsse!$A:$A,"<="&A18) -> 306497952000 | E18: =B18+C18-D18 -> 11842329600 | F18: =ROUND(E18/(552*1000*1000),) -> 21
A19: =A18+1 -> 46033 | B19: =SUMIFS('Zuflüsse - Flüsse'!$M:$M,'Zuflüsse - Flüsse'!$A:$A,"<="&A19) -> 315926784000 | C19: =SUMIFS('Andere Zuflüsse'!$C:$C,'Andere Zuflüsse'!$A:$A,"<="&A19) -> 14137545600 | D19: =SUMIFS(Abflüsse!$I:$I,Abflüsse!$A:$A,"<="&A19) -> 332282122560 | E19: =B19+C19-D19 -> -2217792960 | F19: =ROUND(E19/(552*1000*1000),) -> -4
A20: =A19+1 -> 46034 | B20: =SUMIFS('Zuflüsse - Flüsse'!$M:$M,'Zuflüsse - Flüsse'!$A:$A,"<="&A20) -> 338303520000 | C20: =SUMIFS('Andere Zuflüsse'!$C:$C,'Andere Zuflüsse'!$A:$A,"<="&A20) -> 15449616000 | D20: =SUMIFS(Abflüsse!$I:$I,Abflüsse!$A:$A,"<="&A20) -> 367165154880 | E20: =B20+C20-D20 -> -13412018880 | F20: =ROUND(E20/(552*1000*1000),) -> -24
A21: =A20+1 -> 46035 | B21: =SUMIFS('Zuflüsse - Flüsse'!$M:$M,'Zuflüsse - Flüsse'!$A:$A,"<="&A21) -> 381098304000 | C21: =SUMIFS('Andere Zuflüsse'!$C:$C,'Andere Zuflüsse'!$A:$A,"<="&A21) -> 16455052800 | D21: =SUMIFS(Abflüsse!$I:$I,Abflüsse!$A:$A,"<="&A21) -> 400723925760 | E21: =B21+C21-D21 -> -3170568960 | F21: =ROUND(E21/(552*1000*1000),) -> -6
... A371: =A370+1 -> 46385 | B371: =SUMIFS('Zuflüsse - Flüsse'!$M:$M,'Zuflüsse - Flüsse'!$A:$A,"<="&A371) -> 10387514304000 | C371: =SUMIFS('Andere Zuflüsse'!$C:$C,'Andere Zuflüsse'!$A:$A,"<="&A371) -> 446929833600 | D371: =SUMIFS(Abflüsse!$I:$I,Abflüsse!$A:$A,"<="&A371) -> 10856737013760 | E371: =B371+C371-D371 -> -22292876160 | F371: =ROUND(E371/(552*1000*1000),) -> -40
A372: =A371+1 -> 46386 | B372: =SUMIFS('Zuflüsse - Flüsse'!$M:$M,'Zuflüsse - Flüsse'!$A:$A,"<="&A372) -> 10409997312000 | C372: =SUMIFS('Andere Zuflüsse'!$C:$C,'Andere Zuflüsse'!$A:$A,"<="&A372) -> 448137792000 | D372: =SUMIFS(Abflüsse!$I:$I,Abflüsse!$A:$A,"<="&A372) -> 10892108396160 | E372: =B372+C372-D372 -> -33973292160 | F372: =ROUND(E372/(552*1000*1000),) -> -62 | I372: B3
A373: =A372+1 -> 46387 | B373: =SUMIFS('Zuflüsse - Flüsse'!$M:$M,'Zuflüsse - Flüsse'!$A:$A,"<="&A373) -> 10445912928000 | C373: =SUMIFS('Andere Zuflüsse'!$C:$C,'Andere Zuflüsse'!$A:$A,"<="&A373) -> 449151523200 | D373: =SUMIFS(Abflüsse!$I:$I,Abflüsse!$A:$A,"<="&A373) -> 10924507981440 | E373: =B373+C373-D373 -> -29443530240 | F373: =ROUND(E373/(552*1000*1000),) -> -53 | I373: {=Kleinste(F9:F373,A9:A373)} -> 46315

Sheet Zuflüsse - Flüsse
A1: Datum | B1: Alpenrhein | C1: Bregenzer Ach | D1: Argen | E1: Alter Rhein | F1: Schussen | G1: Dornbirner Ach | H1: Leiblach | I1: Linzer Aach | J1: Rotach | K1: Stockacher Aach | P1: =MAX(M3:M367) -> 50369472000
B2: m³/s | C2: m³/s | D2: m³/s | E2: m³/s | F2: m³/s | G2: m³/s | H2: m³/s | I2: m³/s | J2: m³/s | K2: m³/s
A3: 46023 | B3: 42.94 | C3: 64.32 | D3: 28.91 | E3: 18.21 | F3: 13.02 | G3: 9.68 | H3: 4.71 | I3: 1.15 | J3: 1.45 | K3: 0.53 | L3: =SUM(B3:K3) -> 184.92 | M3: {=m2s(L3)} -> 15977088000
A4: 46024 | B4: 440.67 | C4: 61.91 | D4: 14.84 | E4: 18.63 | F4: 19.91 | G4: 3.64 | H4: 5.23 | I4: 5.46 | J4: 3.12 | K4: 2.56 | L4: =SUM(B4:K4) -> 575.97 | M4: {=m2s(L4)} -> 4.9763808e+10
A5: 46025 | B5: 23.75 | C5: 31.61 | D5: 16.29 | E5: 1.56 | F5: 4.8 | G5: 8.28 | H5: 0.69 | I5: 2.57 | J5: 1.38 | K5: 0.52 | L5: =SUM(B5:K5) -> 91.45 | M5: {=m2s(L5)} -> 7.90128e+09
A6: 46026 | B6: 188.97 | C6: 30.68 | D6: 27.54 | E6: 19.41 | F6: 13.32 | G6: 4.57 | H6: 5.76 | I6: 3.62 | J6: 2.99 | K6: 0.4 | L6: =SUM(B6:K6) -> 297.26 | M6: {=m2s(L6)} -> 25683264000
A7: 46027 | B7: 352.64 | C7: 65.34 | D7: 2.04 | E7: 8.07 | F7: 5.18 | G7: 10.41 | H7: 1.88 | I7: 4.38 | J7: 3.4 | K7: 1.61 | L7: =SUM(B7:K7) -> 454.95 | M7: {=m2s(L7)} -> 3.930768e+10
A8: 46028 | B8: 262.42 | C8: 59.6 | D8: 7.21 | E8: 9.28 | F8: 18.2 | G8: 12.06 | H8: 1.67 | I8: 1.34 | J8: 2.06 | K8: 2.83 | L8: =SUM(B8:K8) -> 376.67 | M8: {=m2s(L8)} -> 3.2544288e+10
A9: 46029 | B9: 293.17 | C9: 72.64 | D9: 8.2 | E9: 1.28 | F9: 7.73 | G9: 3.19 | H9: 1.86 | I9: 1.57 | J9: 0.54 | K9: 1.92 | L9: =SUM(B9:K9) -> 392.1 | M9: {=m2s(L9)} -> 33877440000
A10: 46030 | B10: 106.48 | C10: 87.46 | D10: 29.11 | E10: 19.69 | F10: 3.56 | G10: 8.84 | H10: 1.19 | I10: 0.4 | J10: 0.42 | K10: 0.75 | L10: =SUM(B10:K10) -> 257.9 | M10: {=m2s(L10)} -> 2.228256e+10
A11: 46031 | B11: 363.58 | C11: 90.09 | D11: 5 | E11: 22.27 | F11: 9.02 | G11: 5.24 | H11: 2.14 | I11: 0.64 | J11: 3.56 | K11: 0.89 | L11: =SUM(B11:K11) -> 502.43 | M11: {=m2s(L11)} -> 4.3409952e+10
A12: 46032 | B12: 317.48 | C12: 13.71 | D12: 19.39 | E12: 18.88 | F12: 13.76 | G12: 11.46 | H12: 2.51 | I12: 1.7 | J12: 3.51 | K12: 1.53 | L12: =SUM(B12:K12) -> 403.93 | M12: {=m2s(L12)} -> 3.4899552e+10
A13: 46033 | B13: 47.74 | C13: 46.31 | D13: 7.22 | E13: 3.74 | F13: 1.41 | G13: 1.73 | H13: 3.66 | I13: 2.53 | J13: 2.02 | K13: 2.62 | L13: =SUM(B13:K13) -> 118.98 | M13: {=m2s(L13)} -> 10279872000
A14: 46034 | B14: 118.48 | C14: 72.99 | D14: 35.73 | E14: 8.37 | F14: 6.41 | G14: 7.08 | H14: 5.92 | I14: 2.85 | J14: 0.91 | K14: 0.25 | L14: =SUM(B14:K14) -> 258.99 | M14: {=m2s(L14)} -> 2.2376736e+10
... A367: 46387 | B367: 290.77 | C367: 44.95 | D367: 34.58 | E367: 18.63 | F367: 8.67 | G367: 2.42 | H367: 4.26 | I367: 4.7 | J367: 3.75 | K367: 2.96 | L367: =SUM(B367:K367) -> 415.69 | M367: {=m2s(L367)} -> 3.5915616e+10

Sheet Andere Zuflüsse
A1: Datum | B1: Regen
B2: m³/s
A3: 46023 | B3: 16.72 | C3: {=m2s(B3)} -> 1.444608e+09
A4: 46024 | B4: 12.089 | C4: {=m2s(B4)} -> 1.0444896e+09
A5: 46025 | B5: 14.981 | C5: {=m2s(B5)} -> 1294358400
A6: 46026 | B6: 13.906 | C6: {=m2s(B6)} -> 1201478400
A7: 46027 | B7: 14.344 | C7: {=m2s(B7)} -> 1239321600
A8: 46028 | B8: 15.438 | C8: {=m2s(B8)} -> 1.3338432e+09
A9: 46029 | B9: 16.021 | C9: {=m2s(B9)} -> 1384214400
A10: 46030 | B10: 15.813 | C10: {=m2s(B10)} -> 1366243200
A11: 46031 | B11: 11.621 | C11: {=m2s(B11)} -> 1.0040544e+09
A12: 46032 | B12: 15.981 | C12: {=m2s(B12)} -> 1.3807584e+09
A13: 46033 | B13: 16.715 | C13: {=m2s(B13)} -> 1444176000
A14: 46034 | B14: 15.186 | C14: {=m2s(B14)} -> 1312070400
... A367: 46387 | B367: 11.733 | C367: {=m2s(B367)} -> 1.0137312e+09

Sheet Abflüsse
A1: Datum | B1: Rhein | C1: Zweckverband Bodensee-Wasserversorgung | D1: Stadtwerke Konstanz | E1: Stadtwerk am See | F1: Technische Betriebe Kreuzlingen | G1: Verdunstung
B2: m³/s | C2: m³/s | D2: m³/s | E2: m³/s | F2: m³/s | G2: m³/s
A3: 46023 | B3: 319.1926 | C3: 4.7654 | D3: 0.2681 | E3: 0.2173 | F3: 0.1353 | G3: 8.6945 | H3: =SUM(B3:G3) -> 333.2732 | I3: {=m2s(H3)} -> 2.8794804e+10
A4: 46024 | B4: 361.2165 | C4: 4.4281 | D4: 0.2688 | E4: 0.2205 | F4: 0.1334 | G4: 9.1692 | H4: =SUM(B4:G4) -> 375.4365 | I4: {=m2s(H4)} -> 3.2437714e+10
A5: 46025 | B5: 304.0639 | C5: 4.3585 | D5: 0.2834 | E5: 0.2318 | F5: 0.1392 | G5: 8.8062 | H5: =SUM(B5:G5) -> 317.883 | I5: {=m2s(H5)} -> 2.7465091e+10
A6: 46026 | B6: 365.3376 | C6: 4.914 | D6: 0.2617 | E6: 0.2541 | F6: 0.148 | G6: 9.5553 | H6: =SUM(B6:G6) -> 380.4707 | I6: {=m2s(H6)} -> 32872668480
A7: 46027 | B7: 338.2459 | C7: 4.3307 | D7: 0.3047 | E7: 0.2408 | F7: 0.1422 | G7: 8.9769 | H7: =SUM(B7:G7) -> 352.2412 | I7: {=m2s(H7)} -> 3.043364e+10
A8: 46028 | B8: 376.2064 | C8: 4.9689 | D8: 0.317 | E8: 0.2216 | F8: 0.1375 | G8: 8.6039 | H8: =SUM(B8:G8) -> 390.4553 | I8: {=m2s(H8)} -> 33735337920
A9: 46029 | B9: 387.0446 | C9: 4.9578 | D9: 0.2906 | E9: 0.2212 | F9: 0.1394 | G9: 9.3394 | H9: =SUM(B9:G9) -> 401.993 | I9: {=m2s(H9)} -> 34732195200
A10: 46030 | B10: 267.6854 | C10: 4.1676 | D10: 0.3047 | E10: 0.2106 | F10: 0.1584 | G10: 8.3919 | H10: =SUM(B10:G10) -> 280.9186 | I10: {=m2s(H10)} -> 2.4271367e+10
A11: 46031 | B11: 323.009 | C11: 4.7214 | D11: 0.271 | E11: 0.238 | F11: 0.1418 | G11: 9.4257 | H11: =SUM(B11:G11) -> 337.8069 | I11: {=m2s(H11)} -> 2.9186516e+10
A12: 46032 | B12: 362.8662 | C12: 4.6932 | D12: 0.3162 | E12: 0.2418 | F12: 0.1368 | G12: 8.6974 | H12: =SUM(B12:G12) -> 376.9516 | I12: {=m2s(H12)} -> 3.2568618e+10
A13: 46033 | B13: 284.5607 | C13: 4.7354 | D13: 0.2794 | E13: 0.2292 | F13: 0.1489 | G13: 8.4743 | H13: =SUM(B13:G13) -> 298.4279 | I13: {=m2s(H13)} -> 2.5784171e+10
A14: 46034 | B14: 389.7169 | C14: 4.2752 | D14: 0.2851 | E14: 0.248 | F14: 0.1374 | G14: 9.0762 | H14: =SUM(B14:G14) -> 403.7388 | I14: {=m2s(H14)} -> 34883032320
... A367: 46387 | B367: 360.254 | C367: 4.555 | D367: 0.3032 | E367: 0.2191 | F367: 0.1339 | G367: 9.53 | H367: =SUM(B367:G367) -> 374.9952 | I367: {=m2s(H367)} -> 32399585280

Sheet Karte
A1: #VALUE! | B1: #VALUE! | C1: #VALUE! | D1: #VALUE! | E1: #VALUE! | F1: #VALUE! | G1: #VALUE! | H1: #VALUE! | I1: #VALUE! | J1: #VALUE! | K1: #VALUE! | L1: #VALUE! | M1: #VALUE! | N1: #VALUE! | O1: #VALUE! | P1: #VALUE! | Q1: #VALUE! | R1: #VALUE! | S1: #VALUE! | T1: #VALUE! | U1: #VALUE! | V1: #VALUE! | W1: #VALUE! | X1: #VALUE! | Y1: #VALUE! | Z1: #VALUE! | AA1: #VALUE! | AB1: #VALUE! | AC1: #VALUE! | AD1: #VALUE! | AE1: #VALUE! | AF1: #VALUE! | AG1: #VALUE! | AH1: #VALUE! | AI1: #VALUE! | AJ1: #VALUE! | AK1: #VALUE! | AL1: #VALUE! | AM1: #VALUE! | AN1: #VALUE! | AO1: #VALUE! | AP1: #VALUE! | AQ1: #VALUE! | AR1: #VALUE! | AS1: #VALUE! | AT1: #VALUE! | AU1: #VALUE! | AV1: #VALUE! | AW1: #VALUE! | AX1: #VALUE! | AY1: #VALUE! | AZ1: #VALUE! | BA1: #VALUE! | BB1: #VALUE! | BC1: #VALUE! | BD1: #VALUE! | BE1: #VALUE! | BF1: #VALUE! | BG1: #VALUE! | BH1: #VALUE! | BI1: #VALUE! | BJ1: #VALUE! | BK1: #VALUE! | BL1: #VALUE! | BM1: #VALUE! | BN1: #VALUE! | BO1: #VALUE! | BP1: #VALUE! | BQ1: #VALUE! | BR1: #VALUE! | BS1: #VALUE! | BT1: #VALUE! | BU1: #VALUE! | BV1: #VALUE! | BW1: #VALUE! | BX1: #VALUE! | BZ1: 1 | CC1: Legende
A2: #VALUE! | B2: #VALUE! | C2: #VALUE! | D2: #VALUE! | E2: #VALUE! | F2: #VALUE! | G2: #VALUE! | H2: #VALUE! | I2: #VALUE! | J2: #VALUE! | K2: #VALUE! | L2: #VALUE! | M2: #VALUE! | N2: #VALUE! | O2: #VALUE! | P2: #VALUE! | Q2: #VALUE! | R2: #VALUE! | S2: #VALUE! | T2: #VALUE! | U2: #VALUE! | V2: #VALUE! | W2: #VALUE! | X2: #VALUE! | Y2: #VALUE! | Z2: #VALUE! | AA2: #VALUE! | AB2: #VALUE! | AC2: #VALUE! | AD2: #VALUE! | AE2: #VALUE! | AF2: #VALUE! | AG2: #VALUE! | AH2: #VALUE! | AI2: #VALUE! | AJ2: #VALUE! | AK2: #VALUE! | AL2: #VALUE! | AM2: #VALUE! | AN2: #VALUE! | AO2: #VALUE! | AP2: #VALUE! | AQ2: #VALUE! | AR2: #VALUE! | AS2: #VALUE! | AT2: #VALUE! | AU2: #VALUE! | AV2: #VALUE! | AW2: #VALUE! | AX2: #VALUE! | AY2: #VALUE! | AZ2: #VALUE! | BA2: #VALUE! | BB2: #VALUE! | BC2: #VALUE! | BD2: #VALUE! | BE2: #VALUE! | BF2: #VALUE! | BG2: #VALUE! | BH2: #VALUE! | BI2: #VALUE! | BJ2: #VALUE! | BK2: #VALUE! | BL2: #VALUE! | BM2: #VALUE! | BN2: #VALUE! | BO2: #VALUE! | BP2: #VALUE! | BQ2: #VALUE! | BR2: #VALUE! | BS2: #VALUE! | BT2: #VALUE! | BU2: #VALUE! | BV2: #VALUE! | BW2: #VALUE! | BX2: #VALUE! | BZ2: 2 | CC2: #VALUE! | CD2: Germany
A3: #VALUE! | B3: #VALUE! | C3: #VALUE! | D3: #VALUE! | E3: #VALUE! | F3: #VALUE! | G3: #VALUE! | H3: #VALUE! | I3: #VALUE! | J3: #VALUE! | K3: #VALUE! | L3: #VALUE! | M3: #VALUE! | N3: #VALUE! | O3: #VALUE! | P3: #VALUE! | Q3: #VALUE! | R3: #VALUE! | S3: #VALUE! | T3: #VALUE! | U3: #VALUE! | V3: #VALUE! | W3: #VALUE! | X3: #VALUE! | Y3: #VALUE! | Z3: #VALUE! | AA3: #VALUE! | AB3: #VALUE! | AC3: #VALUE! | AD3: #VALUE! | AE3: #VALUE! | AF3: #VALUE! | AG3: #VALUE! | AH3: #VALUE! | AI3: #VALUE! | AJ3: #VALUE! | AK3: #VALUE! | AL3: #VALUE! | AM3: #VALUE! | AN3: #VALUE! | AO3: #VALUE! | AP3: #VALUE! | AQ3: #VALUE! | AR3: #VALUE! | AS3: #VALUE! | AT3: #VALUE! | AU3: #VALUE! | AV3: #VALUE! | AW3: #VALUE! | AX3: #VALUE! | AY3: #VALUE! | AZ3: #VALUE! | BA3: #VALUE! | BB3: #VALUE! | BC3: #VALUE! | BD3: #VALUE! | BE3: #VALUE! | BF3: #VALUE! | BG3: #VALUE! | BH3: #VALUE! | BI3: #VALUE! | BJ3: #VALUE! | BK3: #VALUE! | BL3: #VALUE! | BM3: #VALUE! | BN3: #VALUE! | BO3: #VALUE! | BP3: #VALUE! | BQ3: #VALUE! | BR3: #VALUE! | BS3: #VALUE! | BT3: #VALUE! | BU3: #VALUE! | BV3: #VALUE! | BW3: #VALUE! | BX3: #VALUE! | BZ3: 3 | CC3: #VALUE! | CD3: Austria
A4: #VALUE! | B4: #VALUE! | C4: #VALUE! | D4: #VALUE! | E4: #VALUE! | F4: #VALUE! | G4: #VALUE! | H4: #VALUE! | I4: #VALUE! | J4: #VALUE! | K4: #VALUE! | L4: #VALUE! | M4: #VALUE! | N4: #VALUE! | O4: #VALUE! | P4: #VALUE! | Q4: #VALUE! | R4: #VALUE! | S4: #VALUE! | T4: #VALUE! | U4: #VALUE! | V4: #VALUE! | W4: #VALUE! | X4: #VALUE! | Y4: #VALUE! | Z4: #VALUE! | AA4: #VALUE! | AB4: #VALUE! | AC4: #VALUE! | AD4: #VALUE! | AE4: #VALUE! | AF4: #VALUE! | AG4: #VALUE! | AH4: #VALUE! | AI4: #VALUE! | AJ4: #VALUE! | AK4: #VALUE! | AL4: #VALUE! | AM4: #VALUE! | AN4: #VALUE! | AO4: #VALUE! | AP4: #VALUE! | AQ4: #VALUE! | AR4: #VALUE! | AS4: #VALUE! | AT4: #VALUE! | AU4: #VALUE! | AV4: #VALUE! | AW4: #VALUE! | AX4: #VALUE! | AY4: #VALUE! | AZ4: #VALUE! | BA4: #VALUE! | BB4: #VALUE! | BC4: #VALUE! | BD4: #VALUE! | BE4: #VALUE! | BF4: #VALUE! | BG4: #VALUE! | BH4: #VALUE! | BI4: #VALUE! | BJ4: #VALUE! | BK4: #VALUE! | BL4: #VALUE! | BM4: #VALUE! | BN4: #VALUE! | BO4: #VALUE! | BP4: #VALUE! | BQ4: #VALUE! | BR4: #VALUE! | BS4: #VALUE! | BT4: #VALUE! | BU4: #VALUE! | BV4: #VALUE! | BW4: #VALUE! | BX4: #VALUE! | BZ4: 4 | CC4: #VALUE! | CD4: Switzerland
A5: #VALUE! | B5: #VALUE! | C5: #VALUE! | D5: #VALUE! | E5: #VALUE! | F5: #VALUE! | G5: #VALUE! | H5: #VALUE! | I5: #VALUE! | J5: #VALUE! | K5: #VALUE! | L5: #VALUE! | M5: #VALUE! | N5: #VALUE! | O5: #VALUE! | P5: #VALUE! | Q5: #VALUE! | R5: #VALUE! | S5: #VALUE! | T5: Ludwigshafen | U5: #VALUE! | V5: #VALUE! | W5: #VALUE! | X5: #VALUE! | Y5: #VALUE! | Z5: #VALUE! | AA5: #VALUE! | AB5: #VALUE! | AC5: #VALUE! | AD5: #VALUE! | AE5: #VALUE! | AF5: #VALUE! | AG5: #VALUE! | AH5: #VALUE! | AI5: #VALUE! | AJ5: #VALUE! | AK5: #VALUE! | AL5: #VALUE! | AM5: #VALUE! | AN5: #VALUE! | AO5: #VALUE! | AP5: #VALUE! | AQ5: #VALUE! | AR5: #VALUE! | AS5: #VALUE! | AT5: #VALUE! | AU5: #VALUE! | AV5: #VALUE! | AW5: #VALUE! | AX5: #VALUE! | AY5: #VALUE! | AZ5: #VALUE! | BA5: #VALUE! | BB5: #VALUE! | BC5: #VALUE! | BD5: #VALUE! | BE5: #VALUE! | BF5: #VALUE! | BG5: #VALUE! | BH5: #VALUE! | BI5: #VALUE! | BJ5: #VALUE! | BK5: #VALUE! | BL5: #VALUE! | BM5: #VALUE! | BN5: #VALUE! | BO5: #VALUE! | BP5: #VALUE! | BQ5: #VALUE! | BR5: #VALUE! | BS5: #VALUE! | BT5: #VALUE! | BU5: #VALUE! | BV5: #VALUE! | BW5: #VALUE! | BX5: #VALUE! | BZ5: 5 | CD5: Ländergrenzen
A6: #VALUE! | B6: #VALUE! | C6: #VALUE! | D6: #VALUE! | E6: #VALUE! | F6: #VALUE! | G6: #VALUE! | H6: #VALUE! | I6: #VALUE! | J6: #VALUE! | K6: #VALUE! | L6: #VALUE! | M6: #VALUE! | N6: #VALUE! | O6: #VALUE! | P6: #VALUE! | Q6: #VALUE! | U6: #VALUE! | V6: #VALUE! | W6: #VALUE! | X6: #VALUE! | Y6: #VALUE! | Z6: #VALUE! | AA6: #VALUE! | AB6: #VALUE! | AC6: #VALUE! | AD6: #VALUE! | AE6: #VALUE! | AF6: #VALUE! | AG6: #VALUE! | AH6: #VALUE! | AI6: #VALUE! | AJ6: #VALUE! | AK6: #VALUE! | AL6: #VALUE! | AM6: #VALUE! | AN6: #VALUE! | AO6: #VALUE! | AP6: #VALUE! | AQ6: #VALUE! | AR6: #VALUE! | AS6: #VALUE! | AT6: #VALUE! | AU6: #VALUE! | AV6: #VALUE! | AW6: #VALUE! | AX6: #VALUE! | AY6: #VALUE! | AZ6: #VALUE! | BA6: #VALUE! | BB6: #VALUE! | BC6: #VALUE! | BD6: #VALUE! | BE6: #VALUE! | BF6: #VALUE! | BG6: #VALUE! | BH6: #VALUE! | BI6: #VALUE! | BJ6: #VALUE! | BK6: #VALUE! | BL6: #VALUE! | BM6: #VALUE! | BN6: #VALUE! | BO6: #VALUE! | BP6: #VALUE! | BQ6: #VALUE! | BR6: #VALUE! | BS6: #VALUE! | BT6: #VALUE! | BU6: #VALUE! | BV6: #VALUE! | BW6: #VALUE! | BX6: #VALUE! | BZ6: 6 | CD6: Städte
A7: #VALUE! | B7: #VALUE! | C7: #VALUE! | D7: #VALUE! | E7: #VALUE! | F7: #VALUE! | G7: #VALUE! | H7: #VALUE! | I7: #VALUE! | J7: #VALUE! | K7: #VALUE! | L7: #VALUE! | M7: #VALUE! | N7: #VALUE! | O7: #VALUE! | P7: #VALUE! | Q7: Bodman | V7: #VALUE! | W7: #VALUE! | X7: #VALUE! | Y7: #VALUE! | Z7: #VALUE! | AA7: #VALUE! | AB7: #VALUE! | AC7: #VALUE! | AD7: #VALUE! | AE7: #VALUE! | AF7: #VALUE! | AG7: #VALUE! | AH7: #VALUE! | AI7: #VALUE! | AJ7: #VALUE! | AK7: #VALUE! | AL7: #VALUE! | AM7: #VALUE! | AN7: #VALUE! | AO7: #VALUE! | AP7: #VALUE! | AQ7: #VALUE! | AR7: #VALUE! | AS7: #VALUE! | AT7: #VALUE! | AU7: #VALUE! | AV7: #VALUE! | AW7: #VALUE! | AX7: #VALUE! | AY7: #VALUE! | AZ7: #VALUE! | BA7: #VALUE! | BB7: #VALUE! | BC7: #VALUE! | BD7: #VALUE! | BE7: #VALUE! | BF7: #VALUE! | BG7: #VALUE! | BH7: #VALUE! | BI7: #VALUE! | BJ7: #VALUE! | BK7: #VALUE! | BL7: #VALUE! | BM7: #VALUE! | BN7: #VALUE! | BO7: #VALUE! | BP7: #VALUE! | BQ7: #VALUE! | BR7: #VALUE! | BS7: #VALUE! | BT7: #VALUE! | BU7: #VALUE! | BV7: #VALUE! | BW7: #VALUE! | BX7: #VALUE! | BZ7: 7 | CD7: See
A8: #VALUE! | B8: #VALUE! | C8: #VALUE! | D8: #VALUE! | E8: #VALUE! | F8: #VALUE! | G8: #VALUE! | H8: #VALUE! | I8: #VALUE! | J8: #VALUE! | K8: #VALUE! | L8: #VALUE! | M8: #VALUE! | N8: #VALUE! | O8: #VALUE! | P8: #VALUE! | Q8: #VALUE! | R8: #VALUE! | S8: #VALUE! | W8: #VALUE! | X8: #VALUE! | Y8: #VALUE! | Z8: #VALUE! | AA8: #VALUE! | AB8: #VALUE! | AC8: #VALUE! | AD8: #VALUE! | AE8: #VALUE! | AF8: #VALUE! | AG8: #VALUE! | AH8: #VALUE! | AI8: #VALUE! | AJ8: #VALUE! | AK8: #VALUE! | AL8: #VALUE! | AM8: #VALUE! | AN8: #VALUE! | AO8: #VALUE! | AP8: #VALUE! | AQ8: #VALUE! | AR8: #VALUE! | AS8: #VALUE! | AT8: #VALUE! | AU8: #VALUE! | AV8: #VALUE! | AW8: #VALUE! | AX8: #VALUE! | AY8: #VALUE! | AZ8: #VALUE! | BA8: #VALUE! | BB8: #VALUE! | BC8: #VALUE! | BD8: #VALUE! | BE8: #VALUE! | BF8: #VALUE! | BG8: #VALUE! | BH8: #VALUE! | BI8: #VALUE! | BJ8: #VALUE! | BK8: #VALUE! | BL8: #VALUE! | BM8: #VALUE! | BN8: #VALUE! | BO8: #VALUE! | BP8: #VALUE! | BQ8: #VALUE! | BR8: #VALUE! | BS8: #VALUE! | BT8: #VALUE! | BU8: #VALUE! | BV8: #VALUE! | BW8: #VALUE! | BX8: #VALUE! | BZ8: 8 | CD8: *Die Länderzellen werden mit einer neuen Excel-Funktion ausgefüllt – solltest du eine ältere Version verwendest, wird dort möglicherweise eine Fehlermeldung angezeigt – aber keine Sorge: Du kannst den Fall trotzdem lösen, indem du die Hintergrundfarben verwendest.
A9: #VALUE! | B9: #VALUE! | C9: #VALUE! | D9: #VALUE! | E9: #VALUE! | F9: #VALUE! | G9: #VALUE! | H9: #VALUE! | I9: #VALUE! | J9: #VALUE! | K9: #VALUE! | L9: #VALUE! | M9: #VALUE! | N9: #VALUE! | O9: #VALUE! | P9: #VALUE! | Q9: #VALUE! | R9: #VALUE! | S9: #VALUE! | Y9: #VALUE! | Z9: #VALUE! | AA9: #VALUE! | AB9: #VALUE! | AC9: #VALUE! | AD9: #VALUE! | AE9: #VALUE! | AF9: #VALUE! | AG9: #VALUE! | AH9: #VALUE! | AI9: #VALUE! | AJ9: #VALUE! | AK9: #VALUE! | AL9: #VALUE! | AM9: #VALUE! | AN9: #VALUE! | AO9: #VALUE! | AP9: #VALUE! | AQ9: #VALUE! | AR9: #VALUE! | AS9: #VALUE! | AT9: #VALUE! | AU9: #VALUE! | AV9: #VALUE! | AW9: #VALUE! | AX9: #VALUE! | AY9: #VALUE! | AZ9: #VALUE! | BA9: #VALUE! | BB9: #VALUE! | BC9: #VALUE! | BD9: #VALUE! | BE9: #VALUE! | BF9: #VALUE! | BG9: #VALUE! | BH9: #VALUE! | BI9: #VALUE! | BJ9: #VALUE! | BK9: #VALUE! | BL9: #VALUE! | BM9: #VALUE! | BN9: #VALUE! | BO9: #VALUE! | BP9: #VALUE! | BQ9: #VALUE! | BR9: #VALUE! | BS9: #VALUE! | BT9: #VALUE! | BU9: #VALUE! | BV9: #VALUE! | BW9: #VALUE! | BX9: #VALUE! | BZ9: 9
A10: #VALUE! | B10: #VALUE! | C10: #VALUE! | D10: #VALUE! | E10: #VALUE! | F10: #VALUE! | G10: #VALUE! | H10: #VALUE! | I10: #VALUE! | J10: #VALUE! | K10: #VALUE! | L10: #VALUE! | M10: #VALUE! | N10: #VALUE! | O10: #VALUE! | P10: #VALUE! | Q10: #VALUE! | R10: #VALUE! | S10: #VALUE! | T10: #VALUE! | Z10: #VALUE! | AA10: #VALUE! | AB10: #VALUE! | AC10: #VALUE! | AD10: #VALUE! | AE10: #VALUE! | AF10: #VALUE! | AG10: #VALUE! | AH10: #VALUE! | AI10: #VALUE! | AJ10: #VALUE! | AK10: #VALUE! | AL10: #VALUE! | AM10: #VALUE! | AN10: #VALUE! | AO10: #VALUE! | AP10: #VALUE! | AQ10: #VALUE! | AR10: #VALUE! | AS10: #VALUE! | AT10: #VALUE! | AU10: #VALUE! | AV10: #VALUE! | AW10: #VALUE! | AX10: #VALUE! | AY10: #VALUE! | AZ10: #VALUE! | BA10: #VALUE! | BB10: #VALUE! | BC10: #VALUE! | BD10: #VALUE! | BE10: #VALUE! | BF10: #VALUE! | BG10: #VALUE! | BH10: #VALUE! | BI10: #VALUE! | BJ10: #VALUE! | BK10: #VALUE! | BL10: #VALUE! | BM10: #VALUE! | BN10: #VALUE! | BO10: #VALUE! | BP10: #VALUE! | BQ10: #VALUE! | BR10: #VALUE! | BS10: #VALUE! | BT10: #VALUE! | BU10: #VALUE! | BV10: #VALUE! | BW10: #VALUE! | BX10: #VALUE! | BZ10: 10
A11: #VALUE! | B11: #VALUE! | C11: #VALUE! | D11: #VALUE! | E11: #VALUE! | F11: #VALUE! | G11: #VALUE! | H11: #VALUE! | I11: #VALUE! | J11: #VALUE! | K11: #VALUE! | L11: #VALUE! | M11: #VALUE! | N11: #VALUE! | O11: #VALUE! | P11: #VALUE! | Q11: #VALUE! | R11: #VALUE! | S11: #VALUE! | T11: #VALUE! | U11: #VALUE! | V11: #VALUE! | AA11: #VALUE! | AB11: Überlingen | AC11: #VALUE! | AD11: #VALUE! | AE11: #VALUE! | AF11: #VALUE! | AG11: #VALUE! | AH11: #VALUE! | AI11: #VALUE! | AJ11: #VALUE! | AK11: #VALUE! | AL11: #VALUE! | AM11: #VALUE! | AN11: #VALUE! | AO11: #VALUE! | AP11: #VALUE! | AQ11: #VALUE! | AR11: #VALUE! | AS11: #VALUE! | AT11: #VALUE! | AU11: #VALUE! | AV11: #VALUE! | AW11: #VALUE! | AX11: #VALUE! | AY11: #VALUE! | AZ11: #VALUE! | BA11: #VALUE! | BB11: #VALUE! | BC11: #VALUE! | BD11: #VALUE! | BE11: #VALUE! | BF11: #VALUE! | BG11: #VALUE! | BH11: #VALUE! | BI11: #VALUE! | BJ11: #VALUE! | BK11: #VALUE! | BL11: #VALUE! | BM11: #VALUE! | BN11: #VALUE! | BO11: #VALUE! | BP11: #VALUE! | BQ11: #VALUE! | BR11: #VALUE! | BS11: #VALUE! | BT11: #VALUE! | BU11: #VALUE! | BV11: #VALUE! | BW11: #VALUE! | BX11: #VALUE! | BZ11: 11
A12: #VALUE! | B12: #VALUE! | C12: #VALUE! | D12: #VALUE! | E12: #VALUE! | F12: #VALUE! | G12: #VALUE! | H12: #VALUE! | I12: #VALUE! | J12: #VALUE! | K12: #VALUE! | L12: #VALUE! | M12: #VALUE! | N12: #VALUE! | O12: #VALUE! | P12: #VALUE! | Q12: #VALUE! | R12: #VALUE! | S12: #VALUE! | T12: #VALUE! | U12: #VALUE! | V12: #VALUE! | W12: #VALUE! | X12: #VALUE! | AC12: #VALUE! | AD12: #VALUE! | AE12: #VALUE! | AF12: #VALUE! | AG12: #VALUE! | AH12: #VALUE! | AI12: #VALUE! | AJ12: #VALUE! | AK12: #VALUE! | AL12: #VALUE! | AM12: #VALUE! | AN12: #VALUE! | AO12: #VALUE! | AP12: #VALUE! | AQ12: #VALUE! | AR12: #VALUE! | AS12: #VALUE! | AT12: #VALUE! | AU12: #VALUE! | AV12: #VALUE! | AW12: #VALUE! | AX12: #VALUE! | AY12: #VALUE! | AZ12: #VALUE! | BA12: #VALUE! | BB12: #VALUE! | BC12: #VALUE! | BD12: #VALUE! | BE12: #VALUE! | BF12: #VALUE! | BG12: #VALUE! | BH12: #VALUE! | BI12: #VALUE! | BJ12: #VALUE! | BK12: #VALUE! | BL12: #VALUE! | BM12: #VALUE! | BN12: #VALUE! | BO12: #VALUE! | BP12: #VALUE! | BQ12: #VALUE! | BR12: #VALUE! | BS12: #VALUE! | BT12: #VALUE! | BU12: #VALUE! | BV12: #VALUE! | BW12: #VALUE! | BX12: #VALUE! | BZ12: 12
A13: #VALUE! | B13: #VALUE! | C13: #VALUE! | D13: #VALUE! | E13: #VALUE! | F13: #VALUE! | G13: #VALUE! | H13: #VALUE! | I13: #VALUE! | J13: #VALUE! | K13: #VALUE! | L13: #VALUE! | M13: #VALUE! | N13: #VALUE! | O13: #VALUE! | P13: #VALUE! | Q13: #VALUE! | R13: #VALUE! | S13: #VALUE! | T13: #VALUE! | U13: #VALUE! | V13: #VALUE! | W13: #VALUE! | X13: #VALUE! | Y13: #VALUE! | AE13: #VALUE! | AF13: #VALUE! | AG13: #VALUE! | AH13: #VALUE! | AI13: #VALUE! | AJ13: #VALUE! | AK13: #VALUE! | AL13: #VALUE! | AM13: #VALUE! | AN13: #VALUE! | AO13: #VALUE! | AP13: #VALUE! | AQ13: #VALUE! | AR13: #VALUE! | AS13: #VALUE! | AT13: #VALUE! | AU13: #VALUE! | AV13: #VALUE! | AW13: #VALUE! | AX13: #VALUE! | AY13: #VALUE! | AZ13: #VALUE! | BA13: #VALUE! | BB13: #VALUE! | BC13: #VALUE! | BD13: #VALUE! | BE13: #VALUE! | BF13: #VALUE! | BG13: #VALUE! | BH13: #VALUE! | BI13: #VALUE! | BJ13: #VALUE! | BK13: #VALUE! | BL13: #VALUE! | BM13: #VALUE! | BN13: #VALUE! | BO13: #VALUE! | BP13: #VALUE! | BQ13: #VALUE! | BR13: #VALUE! | BS13: #VALUE! | BT13: #VALUE! | BU13: #VALUE! | BV13: #VALUE! | BW13: #VALUE! | BX13: #VALUE! | BZ13: 13
A14: #VALUE! | B14: #VALUE! | C14: #VALUE! | D14: #VALUE! | E14: #VALUE! | F14: #VALUE! | G14: #VALUE! | H14: #VALUE! | I14: #VALUE! | J14: #VALUE! | K14: #VALUE! | L14: #VALUE! | M14: Radolfzell | N14: #VALUE! | P14: #VALUE! | Q14: #VALUE! | R14: #VALUE! | S14: #VALUE! | T14: #VALUE! | U14: #VALUE! | V14: #VALUE! | W14: #VALUE! | X14: #VALUE! | Y14: #VALUE! | Z14: #VALUE! | AA14: #VALUE! | AG14: #VALUE! | AH14: #VALUE! | AI14: #VALUE! | AJ14: #VALUE! | AK14: #VALUE! | AL14: #VALUE! | AM14: #VALUE! | AN14: #VALUE! | AO14: #VALUE! | AP14: #VALUE! | AQ14: #VALUE! | AR14: #VALUE! | AS14: #VALUE! | AT14: #VALUE! | AU14: #VALUE! | AV14: #VALUE! | AW14: #VALUE! | AX14: #VALUE! | AY14: #VALUE! | AZ14: #VALUE! | BA14: #VALUE! | BB14: #VALUE! | BC14: #VALUE! | BD14: #VALUE! | BE14: #VALUE! | BF14: #VALUE! | BG14: #VALUE! | BH14: #VALUE! | BI14: #VALUE! | BJ14: #VALUE! | BK14: #VALUE! | BL14: #VALUE! | BM14: #VALUE! | BN14: #VALUE! | BO14: #VALUE! | BP14: #VALUE! | BQ14: #VALUE! | BR14: #VALUE! | BS14: #VALUE! | BT14: #VALUE! | BU14: #VALUE! | BV14: #VALUE! | BW14: #VALUE! | BX14: #VALUE! | BZ14: 14
A15: #VALUE! | B15: #VALUE! | C15: #VALUE! | D15: #VALUE! | E15: #VALUE! | F15: #VALUE! | G15: #VALUE! | H15: #VALUE! | I15: #VALUE! | J15: #VALUE! | O15: #VALUE! | R15: #VALUE! | S15: #VALUE! | T15: #VALUE! | U15: #VALUE! | V15: #VALUE! | W15: #VALUE! | X15: #VALUE! | Y15: #VALUE! | Z15: #VALUE! | AA15: #VALUE! | AB15: #VALUE! | AG15: #VALUE! | AH15: #VALUE! | AI15: #VALUE! | AJ15: #VALUE! | AK15: #VALUE! | AL15: #VALUE! | AM15: #VALUE! | AN15: #VALUE! | AO15: #VALUE! | AP15: #VALUE! | AQ15: #VALUE! | AR15: #VALUE! | AS15: #VALUE! | AT15: #VALUE! | AU15: #VALUE! | AV15: #VALUE! | AW15: #VALUE! | AX15: #VALUE! | AY15: #VALUE! | AZ15: #VALUE! | BA15: #VALUE! | BB15: #VALUE! | BC15: #VALUE! | BD15: #VALUE! | BE15: #VALUE! | BF15: #VALUE! | BG15: #VALUE! | BH15: #VALUE! | BI15: #VALUE! | BJ15: #VALUE! | BK15: #VALUE! | BL15: #VALUE! | BM15: #VALUE! | BN15: #VALUE! | BO15: #VALUE! | BP15: #VALUE! | BQ15: #VALUE! | BR15: #VALUE! | BS15: #VALUE! | BT15: #VALUE! | BU15: #VALUE! | BV15: #VALUE! | BW15: #VALUE! | BX15: #VALUE! | BZ15: 15
A16: #VALUE! | B16: #VALUE! | C16: #VALUE! | D16: #VALUE! | E16: #VALUE! | F16: #VALUE! | G16: #VALUE! | H16: #VALUE! | I16: #VALUE! | J16: #VALUE! | K16: #VALUE! | S16: #VALUE! | T16: Allensbach | U16: #VALUE! | V16: #VALUE! | W16: #VALUE! | X16: #VALUE! | Y16: #VALUE! | Z16: #VALUE! | AA16: #VALUE! | AB16: #VALUE! | AG16: Uhlingen | AH16: #VALUE! | AI16: #VALUE! | AJ16: #VALUE! | AK16: #VALUE! | AL16: #VALUE! | AM16: #VALUE! | AN16: #VALUE! | AO16: #VALUE! | AP16: #VALUE! | AQ16: #VALUE! | AR16: #VALUE! | AS16: #VALUE! | AT16: #VALUE! | AU16: #VALUE! | AV16: #VALUE! | AW16: #VALUE! | AX16: #VALUE! | AY16: #VALUE! | AZ16: #VALUE! | BA16: #VALUE! | BB16: #VALUE! | BC16: #VALUE! | BD16: #VALUE! | BE16: #VALUE! | BF16: #VALUE! | BG16: #VALUE! | BH16: #VALUE! | BI16: #VALUE! | BJ16: #VALUE! | BK16: #VALUE! | BL16: #VALUE! | BM16: #VALUE! | BN16: #VALUE! | BO16: #VALUE! | BP16: #VALUE! | BQ16: #VALUE! | BR16: #VALUE! | BS16: #VALUE! | BT16: #VALUE! | BU16: #VALUE! | BV16: #VALUE! | BW16: #VALUE! | BX16: #VALUE! | BZ16: 16
A17: #VALUE! | B17: #VALUE! | C17: #VALUE! | D17: #VALUE! | E17: #VALUE! | F17: #VALUE! | G17: #VALUE! | H17: #VALUE! | I17: #VALUE! | J17: #VALUE! | K17: #VALUE! | L17: #VALUE! | M17: #VALUE! | U17: #VALUE! | V17: #VALUE! | W17: #VALUE! | X17: #VALUE! | Y17: #VALUE! | Z17: #VALUE! | AA17: #VALUE! | AB17: #VALUE! | AH17: #VALUE! | AI17: #VALUE! | AJ17: #VALUE! | AK17: #VALUE! | AL17: #VALUE! | AM17: #VALUE! | AN17: #VALUE! | AO17: #VALUE! | AP17: #VALUE! | AQ17: #VALUE! | AR17: #VALUE! | AS17: #VALUE! | AT17: #VALUE! | AU17: #VALUE! | AV17: #VALUE! | AW17: #VALUE! | AX17: #VALUE! | AY17: #VALUE! | AZ17: #VALUE! | BA17: #VALUE! | BB17: #VALUE! | BC17: #VALUE! | BD17: #VALUE! | BE17: #VALUE! | BF17: #VALUE! | BG17: #VALUE! | BH17: #VALUE! | BI17: #VALUE! | BJ17: #VALUE! | BK17: #VALUE! | BL17: #VALUE! | BM17: #VALUE! | BN17: #VALUE! | BO17: #VALUE! | BP17: #VALUE! | BQ17: #VALUE! | BR17: #VALUE! | BS17: #VALUE! | BT17: #VALUE! | BU17: #VALUE! | BV17: #VALUE! | BW17: #VALUE! | BX17: #VALUE! | BZ17: 17
A18: #VALUE! | B18: #VALUE! | C18: #VALUE! | D18: #VALUE! | E18: #VALUE! | F18: #VALUE! | G18: #VALUE! | H18: #VALUE! | I18: #VALUE! | J18: #VALUE! | K18: #VALUE! | L18: #VALUE! | M18: #VALUE! | N18: #VALUE! | S18: #VALUE! | X18: #VALUE! | Y18: #VALUE! | Z18: #VALUE! | AA18: #VALUE! | AB18: #VALUE! | AC18: #VALUE! | AI18: #VALUE! | AJ18: #VALUE! | AK18: #VALUE! | AL18: #VALUE! | AM18: #VALUE! | AN18: #VALUE! | AO18: #VALUE! | AP18: #VALUE! | AQ18: #VALUE! | AR18: #VALUE! | AS18: #VALUE! | AT18: #VALUE! | AU18: #VALUE! | AV18: #VALUE! | AW18: #VALUE! | AX18: #VALUE! | AY18: #VALUE! | AZ18: #VALUE! | BA18: #VALUE! | BB18: #VALUE! | BC18: #VALUE! | BD18: #VALUE! | BE18: #VALUE! | BF18: #VALUE! | BG18: #VALUE! | BH18: #VALUE! | BI18: #VALUE! | BJ18: #VALUE! | BK18: #VALUE! | BL18: #VALUE! | BM18: #VALUE! | BN18: #VALUE! | BO18: #VALUE! | BP18: #VALUE! | BQ18: #VALUE! | BR18: #VALUE! | BS18: #VALUE! | BT18: #VALUE! | BU18: #VALUE! | BV18: #VALUE! | BW18: #VALUE! | BX18: #VALUE! | BZ18: 18
C19: #VALUE! | D19: #VALUE! | E19: #VALUE! | F19: #VALUE! | G19: #VALUE! | H19: #VALUE! | I19: #VALUE! | J19: #VALUE! | K19: #VALUE! | L19: #VALUE! | M19: #VALUE! | N19: #VALUE! | O19: #VALUE! | S19: #VALUE! | T19: #VALUE! | X19: #VALUE! | Y19: #VALUE! | Z19: #VALUE! | AA19: #VALUE! | AB19: #VALUE! | AC19: #VALUE! | AD19: #VALUE! | AJ19: Meersburg | AK19: #VALUE! | AL19: #VALUE! | AM19: #VALUE! | AN19: #VALUE! | AO19: #VALUE! | AP19: #VALUE! | AQ19: #VALUE! | AR19: #VALUE! | AS19: #VALUE! | AT19: #VALUE! | AU19: #VALUE! | AV19: #VALUE! | AW19: #VALUE! | AX19: #VALUE! | AY19: #VALUE! | AZ19: #VALUE! | BA19: #VALUE! | BB19: #VALUE! | BC19: #VALUE! | BD19: #VALUE! | BE19: #VALUE! | BF19: #VALUE! | BG19: #VALUE! | BH19: #VALUE! | BI19: #VALUE! | BJ19: #VALUE! | BK19: #VALUE! | BL19: #VALUE! | BM19: #VALUE! | BN19: #VALUE! | BO19: #VALUE! | BP19: #VALUE! | BQ19: #VALUE! | BR19: #VALUE! | BS19: #VALUE! | BT19: #VALUE! | BU19: #VALUE! | BV19: #VALUE! | BW19: #VALUE! | BX19: #VALUE! | BZ19: 19
A20: #VALUE! | B20: #VALUE! | D20: #VALUE! | E20: #VALUE! | F20: #VALUE! | G20: #VALUE! | H20: #VALUE! | I20: #VALUE! | J20: #VALUE! | K20: #VALUE! | L20: #VALUE! | M20: #VALUE! | N20: #VALUE! | U20: #VALUE! | X20: #VALUE! | Y20: #VALUE! | Z20: #VALUE! | AA20: #VALUE! | AB20: #VALUE! | AC20: #VALUE! | AD20: #VALUE! | AE20: #VALUE! | AK20: #VALUE! | AL20: #VALUE! | AM20: #VALUE! | AN20: #VALUE! | AO20: #VALUE! | AP20: #VALUE! | AQ20: #VALUE! | AR20: #VALUE! | AS20: #VALUE! | AT20: #VALUE! | AU20: #VALUE! | AV20: #VALUE! | AW20: #VALUE! | AX20: #VALUE! | AY20: #VALUE! | AZ20: #VALUE! | BA20: #VALUE! | BB20: #VALUE! | BC20: #VALUE! | BD20: #VALUE! | BE20: #VALUE! | BF20: #VALUE! | BG20: #VALUE! | BH20: #VALUE! | BI20: #VALUE! | BJ20: #VALUE! | BK20: #VALUE! | BL20: #VALUE! | BM20: #VALUE! | BN20: #VALUE! | BO20: #VALUE! | BP20: #VALUE! | BQ20: #VALUE! | BR20: #VALUE! | BS20: #VALUE! | BT20: #VALUE! | BU20: #VALUE! | BV20: #VALUE! | BW20: #VALUE! | BX20: #VALUE! | BZ20: 20
A21: #VALUE! | B21: #VALUE! | C21: #VALUE! | E21: #VALUE! | F21: #VALUE! | G21: #VALUE! | H21: #VALUE! | I21: #VALUE! | J21: #VALUE! | K21: #VALUE! | L21: #VALUE! | M21: #VALUE! | Y21: #VALUE! | Z21: #VALUE! | AA21: #VALUE! | AB21: #VALUE! | AC21: #VALUE! | AD21: #VALUE! | AE21: #VALUE! | AM21: #VALUE! | AN21: #VALUE! | AO21: #VALUE! | AP21: #VALUE! | AQ21: #VALUE! | AR21: #VALUE! | AS21: #VALUE! | AT21: Fischbach | AU21: #VALUE! | AV21: #VALUE! | AW21: #VALUE! | AX21: #VALUE! | AY21: #VALUE! | AZ21: #VALUE! | BA21: #VALUE! | BB21: #VALUE! | BC21: #VALUE! | BD21: #VALUE! | BE21: #VALUE! | BF21: #VALUE! | BG21: #VALUE! | BH21: #VALUE! | BI21: #VALUE! | BJ21: #VALUE! | BK21: #VALUE! | BL21: #VALUE! | BM21: #VALUE! | BN21: #VALUE! | BO21: #VALUE! | BP21: #VALUE! | BQ21: #VALUE! | BR21: #VALUE! | BS21: #VALUE! | BT21: #VALUE! | BU21: #VALUE! | BV21: #VALUE! | BW21: #VALUE! | BX21: #VALUE! | BZ21: 21
A22: #VALUE! | B22: #VALUE! | C22: #VALUE! | D22: #VALUE! | F22: #VALUE! | G22: #VALUE! | H22: #VALUE! | I22: #VALUE! | J22: #VALUE! | K22: #VALUE! | O22: #VALUE! | P22: #VALUE! | Q22: #VALUE! | R22: #VALUE! | S22: #VALUE! | T22: #VALUE! | U22: #VALUE! | V22: #VALUE! | AD22: Konstanz | AE22: #VALUE! | AO22: #VALUE! | AP22: #VALUE! | AQ22: #VALUE! | AR22: #VALUE! | AV22: #VALUE! | AW22: #VALUE! | AX22: #VALUE! | AY22: #VALUE! | AZ22: #VALUE! | BA22: #VALUE! | BB22: #VALUE! | BC22: #VALUE! | BD22: #VALUE! | BE22: #VALUE! | BF22: #VALUE! | BG22: #VALUE! | BH22: #VALUE! | BI22: #VALUE! | BJ22: #VALUE! | BK22: #VALUE! | BL22: #VALUE! | BM22: #VALUE! | BN22: #VALUE! | BO22: #VALUE! | BP22: #VALUE! | BQ22: #VALUE! | BR22: #VALUE! | BS22: #VALUE! | BT22: #VALUE! | BU22: #VALUE! | BV22: #VALUE! | BW22: #VALUE! | BX22: #VALUE! | BZ22: 22
A23: #VALUE! | B23: #VALUE! | C23: #VALUE! | D23: Stein am Rhein | G23: #VALUE! | H23: #VALUE! | M23: #VALUE! | N23: Steckborn | O23: #VALUE! | P23: #VALUE! | Q23: #VALUE! | R23: #VALUE! | S23: #VALUE! | T23: #VALUE! | U23: #VALUE! | V23: #VALUE! | W23: #VALUE! | X23: #VALUE! | Y23: #VALUE! | Z23: #VALUE! | AA23: #VALUE! | AB23: #VALUE! | AW23: #VALUE! | AX23: #VALUE! | AY23: #VALUE! | AZ23: Friedrichshafen | BA23: #VALUE! | BB23: #VALUE! | BC23: #VALUE! | BD23: #VALUE! | BE23: #VALUE! | BF23: #VALUE! | BG23: #VALUE! | BH23: #VALUE! | BI23: #VALUE! | BJ23: #VALUE! | BK23: #VALUE! | BL23: #VALUE! | BM23: #VALUE! | BN23: #VALUE! | BO23: #VALUE! | BP23: #VALUE! | BQ23: #VALUE! | BR23: #VALUE! | BS23: #VALUE! | BT23: #VALUE! | BU23: #VALUE! | BV23: #VALUE! | BW23: #VALUE! | BX23: #VALUE! | BZ23: 23
A24: #VALUE! | B24: #VALUE! | C24: #VALUE! | D24: #VALUE! | E24: #VALUE! | K24: #VALUE! | L24: #VALUE! | M24: #VALUE! | N24: #VALUE! | O24: #VALUE! | P24: #VALUE! | Q24: #VALUE! | R24: #VALUE! | S24: #VALUE! | T24: #VALUE! | U24: #VALUE! | V24: #VALUE! | W24: #VALUE! | X24: #VALUE! | Y24: #VALUE! | Z24: #VALUE! | AA24: #VALUE! | AB24: #VALUE! | AC24: Kreuzlingen | AD24: #VALUE! | BB24: #VALUE! | BC24: #VALUE! | BD24: #VALUE! | BE24: #VALUE! | BF24: #VALUE! | BG24: #VALUE! | BH24: #VALUE! | BI24: #VALUE! | BJ24: #VALUE! | BK24: #VALUE! | BL24: #VALUE! | BM24: #VALUE! | BN24: #VALUE! | BO24: #VALUE! | BP24: #VALUE! | BQ24: #VALUE! | BR24: #VALUE! | BS24: #VALUE! | BT24: #VALUE! | BU24: #VALUE! | BV24: #VALUE! | BW24: #VALUE! | BX24: #VALUE! | BZ24: 24
A25: #VALUE! | B25: #VALUE! | C25: #VALUE! | D25: #VALUE! | E25: #VALUE! | F25: #VALUE! | G25: #VALUE! | H25: #VALUE! | I25: #VALUE! | J25: #VALUE! | K25: #VALUE! | L25: #VALUE! | M25: #VALUE! | N25: #VALUE! | O25: #VALUE! | P25: #VALUE! | Q25: #VALUE! | R25: #VALUE! | S25: #VALUE! | T25: #VALUE! | U25: #VALUE! | V25: #VALUE! | W25: #VALUE! | X25: #VALUE! | Y25: #VALUE! | Z25: #VALUE! | AA25: #VALUE! | AB25: #VALUE! | AC25: #VALUE! | AD25: #VALUE! | AE25: #VALUE! | BB25: #VALUE! | BC25: #VALUE! | BD25: #VALUE! | BE25: #VALUE! | BF25: #VALUE! | BG25: #VALUE! | BH25: #VALUE! | BI25: #VALUE! | BJ25: #VALUE! | BK25: #VALUE! | BL25: #VALUE! | BM25: #VALUE! | BN25: #VALUE! | BO25: #VALUE! | BP25: #VALUE! | BQ25: #VALUE! | BR25: #VALUE! | BS25: #VALUE! | BT25: #VALUE! | BU25: #VALUE! | BV25: #VALUE! | BW25: #VALUE! | BX25: #VALUE! | BZ25: 25
A26: #VALUE! | B26: #VALUE! | C26: #VALUE! | D26: #VALUE! | E26: #VALUE! | F26: #VALUE! | G26: #VALUE! | H26: #VALUE! | I26: #VALUE! | J26: #VALUE! | K26: #VALUE! | L26: #VALUE! | M26: #VALUE! | N26: #VALUE! | O26: #VALUE! | P26: #VALUE! | Q26: #VALUE! | R26: #VALUE! | S26: #VALUE! | T26: #VALUE! | U26: #VALUE! | V26: #VALUE! | W26: #VALUE! | X26: #VALUE! | Y26: #VALUE! | Z26: #VALUE! | AA26: #VALUE! | AB26: #VALUE! | AC26: #VALUE! | AD26: #VALUE! | AE26: #VALUE! | AF26: #VALUE! | AG26: #VALUE! | BC26: #VALUE! | BD26: #VALUE! | BE26: #VALUE! | BF26: #VALUE! | BG26: #VALUE! | BH26: #VALUE! | BI26: #VALUE! | BJ26: #VALUE! | BK26: #VALUE! | BL26: #VALUE! | BM26: #VALUE! | BN26: #VALUE! | BO26: #VALUE! | BP26: #VALUE! | BQ26: #VALUE! | BR26: #VALUE! | BS26: #VALUE! | BT26: #VALUE! | BU26: #VALUE! | BV26: #VALUE! | BW26: #VALUE! | BX26: #VALUE! | BZ26: 26
A27: #VALUE! | B27: #VALUE! | C27: #VALUE! | D27: #VALUE! | E27: #VALUE! | F27: #VALUE! | G27: #VALUE! | H27: #VALUE! | I27: #VALUE! | J27: #VALUE! | K27: #VALUE! | L27: #VALUE! | M27: #VALUE! | N27: #VALUE! | O27: #VALUE! | P27: #VALUE! | Q27: #VALUE! | R27: #VALUE! | S27: #VALUE! | T27: #VALUE! | U27: #VALUE! | V27: #VALUE! | W27: #VALUE! | X27: #VALUE! | Y27: #VALUE! | Z27: #VALUE! | AA27: #VALUE! | AB27: #VALUE! | AC27: #VALUE! | AD27: #VALUE! | AE27: #VALUE! | AF27: #VALUE! | AG27: #VALUE! | AH27: #VALUE! | AI27: #VALUE! | AJ27: #VALUE! | BC27: #VALUE! | BD27: #VALUE! | BE27: #VALUE! | BF27: #VALUE! | BG27: #VALUE! | BH27: #VALUE! | BI27: #VALUE! | BJ27: #VALUE! | BK27: #VALUE! | BL27: #VALUE! | BM27: #VALUE! | BN27: #VALUE! | BO27: #VALUE! | BP27: #VALUE! | BQ27: #VALUE! | BR27: #VALUE! | BS27: #VALUE! | BT27: #VALUE! | BU27: #VALUE! | BV27: #VALUE! | BW27: #VALUE! | BX27: #VALUE! | BZ27: 27
A28: #VALUE! | B28: #VALUE! | C28: #VALUE! | D28: #VALUE! | E28: #VALUE! | F28: #VALUE! | G28: #VALUE! | H28: #VALUE! | I28: #VALUE! | J28: #VALUE! | K28: #VALUE! | L28: #VALUE! | M28: #VALUE! | N28: #VALUE! | O28: #VALUE! | P28: #VALUE! | Q28: #VALUE! | R28: #VALUE! | S28: #VALUE! | T28: #VALUE! | U28: #VALUE! | V28: #VALUE! | W28: #VALUE! | X28: #VALUE! | Y28: #VALUE! | Z28: #VALUE! | AA28: #VALUE! | AB28: #VALUE! | AC28: #VALUE! | AD28: #VALUE! | AE28: #VALUE! | AF28: #VALUE! | AG28: #VALUE! | AH28: #VALUE! | AI28: #VALUE! | AJ28: #VALUE! | AK28: #VALUE! | BD28: #VALUE! | BE28: #VALUE! | BF28: #VALUE! | BG28: #VALUE! | BH28: #VALUE! | BI28: #VALUE! | BJ28: #VALUE! | BK28: #VALUE! | BL28: #VALUE! | BM28: #VALUE! | BN28: #VALUE! | BO28: #VALUE! | BP28: #VALUE! | BQ28: #VALUE! | BR28: #VALUE! | BS28: #VALUE! | BT28: #VALUE! | BU28: #VALUE! | BV28: #VALUE! | BW28: #VALUE! | BX28: #VALUE! | BZ28: 28
A29: #VALUE! | B29: #VALUE! | C29: #VALUE! | D29: #VALUE! | E29: #VALUE! | F29: #VALUE! | G29: #VALUE! | H29: #VALUE! | I29: #VALUE! | J29: #VALUE! | K29: #VALUE! | L29: #VALUE! | M29: #VALUE! | N29: #VALUE! | O29: #VALUE! | P29: #VALUE! | Q29: #VALUE! | R29: #VALUE! | S29: #VALUE! | T29: #VALUE! | U29: #VALUE! | V29: #VALUE! | W29: #VALUE! | X29: #VALUE! | Y29: #VALUE! | Z29: #VALUE! | AA29: #VALUE! | AB29: #VALUE! | AC29: #VALUE! | AD29: #VALUE! | AE29: #VALUE! | AF29: #VALUE! | AG29: #VALUE! | AH29: #VALUE! | AI29: #VALUE! | AJ29: #VALUE! | AK29: #VALUE! | AL29: #VALUE! | BD29: #VALUE! | BE29: #VALUE! | BF29: #VALUE! | BG29: #VALUE! | BH29: #VALUE! | BI29: #VALUE! | BJ29: #VALUE! | BK29: #VALUE! | BL29: #VALUE! | BM29: #VALUE! | BN29: #VALUE! | BO29: #VALUE! | BP29: #VALUE! | BQ29: #VALUE! | BR29: #VALUE! | BS29: #VALUE! | BT29: #VALUE! | BU29: #VALUE! | BV29: #VALUE! | BW29: #VALUE! | BX29: #VALUE! | BZ29: 29
A30: #VALUE! | B30: #VALUE! | C30: #VALUE! | D30: #VALUE! | E30: #VALUE! | F30: #VALUE! | G30: #VALUE! | H30: #VALUE! | I30: #VALUE! | J30: #VALUE! | K30: #VALUE! | L30: #VALUE! | M30: #VALUE! | N30: #VALUE! | O30: #VALUE! | P30: #VALUE! | Q30: #VALUE! | R30: #VALUE! | S30: #VALUE! | T30: #VALUE! | U30: #VALUE! | V30: #VALUE! | W30: #VALUE! | X30: #VALUE! | Y30: #VALUE! | Z30: #VALUE! | AA30: #VALUE! | AB30: #VALUE! | AC30: #VALUE! | AD30: #VALUE! | AE30: #VALUE! | AF30: #VALUE! | AG30: #VALUE! | AH30: #VALUE! | AI30: #VALUE! | AJ30: #VALUE! | AK30: #VALUE! | AL30: #VALUE! | AM30: #VALUE! | AN30: #VALUE! | BE30: Langenargen | BF30: #VALUE! | BG30: #VALUE! | BH30: #VALUE! | BI30: Kressbronn | BJ30: #VALUE! | BK30: #VALUE! | BL30: #VALUE! | BM30: #VALUE! | BN30: #VALUE! | BO30: #VALUE! | BP30: #VALUE! | BQ30: #VALUE! | BR30: #VALUE! | BS30: #VALUE! | BT30: #VALUE! | BU30: #VALUE! | BV30: #VALUE! | BW30: #VALUE! | BX30: #VALUE! | BZ30: 30
A31: #VALUE! | B31: #VALUE! | C31: #VALUE! | D31: #VALUE! | E31: #VALUE! | F31: #VALUE! | G31: #VALUE! | H31: #VALUE! | I31: #VALUE! | J31: #VALUE! | K31: #VALUE! | L31: #VALUE! | M31: #VALUE! | N31: #VALUE! | O31: #VALUE! | P31: #VALUE! | Q31: #VALUE! | R31: #VALUE! | S31: #VALUE! | T31: #VALUE! | U31: #VALUE! | V31: #VALUE! | W31: #VALUE! | X31: #VALUE! | Y31: #VALUE! | Z31: #VALUE! | AA31: #VALUE! | AB31: #VALUE! | AC31: #VALUE! | AD31: #VALUE! | AE31: #VALUE! | AF31: #VALUE! | AG31: #VALUE! | AH31: #VALUE! | AI31: #VALUE! | AJ31: #VALUE! | AK31: #VALUE! | AL31: #VALUE! | AM31: #VALUE! | AN31: #VALUE! | AO31: Uttwil | BJ31: #VALUE! | BK31: #VALUE! | BL31: #VALUE! | BM31: #VALUE! | BN31: #VALUE! | BO31: #VALUE! | BP31: #VALUE! | BQ31: #VALUE! | BR31: #VALUE! | BS31: #VALUE! | BT31: #VALUE! | BU31: #VALUE! | BV31: #VALUE! | BW31: #VALUE! | BX31: #VALUE! | BZ31: 31
A32: #VALUE! | B32: #VALUE! | C32: #VALUE! | D32: #VALUE! | E32: #VALUE! | F32: #VALUE! | G32: #VALUE! | H32: #VALUE! | I32: #VALUE! | J32: #VALUE! | K32: #VALUE! | L32: #VALUE! | M32: #VALUE! | N32: #VALUE! | O32: #VALUE! | P32: #VALUE! | Q32: #VALUE! | R32: #VALUE! | S32: #VALUE! | T32: #VALUE! | U32: #VALUE! | V32: #VALUE! | W32: #VALUE! | X32: #VALUE! | Y32: #VALUE! | Z32: #VALUE! | AA32: #VALUE! | AB32: #VALUE! | AC32: #VALUE! | AD32: #VALUE! | AE32: #VALUE! | AF32: #VALUE! | AG32: #VALUE! | AH32: #VALUE! | AI32: #VALUE! | AJ32: #VALUE! | AK32: #VALUE! | AL32: #VALUE! | AM32: #VALUE! | AN32: #VALUE! | AO32: #VALUE! | AP32: #VALUE! | AQ32: #VALUE! | BJ32: #VALUE! | BK32: #VALUE! | BL32: #VALUE! | BM32: #VALUE! | BN32: #VALUE! | BO32: #VALUE! | BP32: #VALUE! | BQ32: #VALUE! | BR32: #VALUE! | BS32: #VALUE! | BT32: #VALUE! | BU32: #VALUE! | BV32: #VALUE! | BZ32: 32
A33: #VALUE! | B33: #VALUE! | C33: #VALUE! | D33: #VALUE! | E33: #VALUE! | F33: #VALUE! | G33: #VALUE! | H33: #VALUE! | I33: #VALUE! | J33: #VALUE! | K33: #VALUE! | L33: #VALUE! | M33: #VALUE! | N33: #VALUE! | O33: #VALUE! | P33: #VALUE! | Q33: #VALUE! | R33: #VALUE! | S33: #VALUE! | T33: #VALUE! | U33: #VALUE! | V33: #VALUE! | W33: #VALUE! | X33: #VALUE! | Y33: #VALUE! | Z33: #VALUE! | AA33: #VALUE! | AB33: #VALUE! | AC33: #VALUE! | AD33: #VALUE! | AE33: #VALUE! | AF33: #VALUE! | AG33: #VALUE! | AH33: #VALUE! | AI33: #VALUE! | AJ33: #VALUE! | AK33: #VALUE! | AL33: #VALUE! | AM33: #VALUE! | AN33: #VALUE! | AO33: #VALUE! | AP33: #VALUE! | AQ33: #VALUE! | AR33: Romanshorn | BM33: #VALUE! | BN33: #VALUE! | BO33: #VALUE! | BP33: #VALUE! | BQ33: #VALUE! | BR33: #VALUE! | BS33: #VALUE! | BT33: #VALUE! | BU33: #VALUE! | BW33: #VALUE! | BX33: #VALUE! | BZ33: 33
A34: #VALUE! | B34: #VALUE! | C34: #VALUE! | D34: #VALUE! | E34: #VALUE! | F34: #VALUE! | G34: #VALUE! | H34: #VALUE! | I34: #VALUE! | J34: #VALUE! | K34: #VALUE! | L34: #VALUE! | M34: #VALUE! | N34: #VALUE! | O34: #VALUE! | P34: #VALUE! | Q34: #VALUE! | R34: #VALUE! | S34: #VALUE! | T34: #VALUE! | U34: #VALUE! | V34: #VALUE! | W34: #VALUE! | X34: #VALUE! | Y34: #VALUE! | Z34: #VALUE! | AA34: #VALUE! | AB34: #VALUE! | AC34: #VALUE! | AD34: #VALUE! | AE34: #VALUE! | AF34: #VALUE! | AG34: #VALUE! | AH34: #VALUE! | AI34: #VALUE! | AJ34: #VALUE! | AK34: #VALUE! | AL34: #VALUE! | AM34: #VALUE! | AN34: #VALUE! | AO34: #VALUE! | AP34: #VALUE! | AQ34: #VALUE! | AR34: #VALUE! | BP34: #VALUE! | BQ34: #VALUE! | BR34: #VALUE! | BS34: #VALUE! | BT34: #VALUE! | BV34: #VALUE! | BW34: #VALUE! | BX34: #VALUE! | BZ34: 34
A35: #VALUE! | B35: #VALUE! | C35: #VALUE! | D35: #VALUE! | E35: #VALUE! | F35: #VALUE! | G35: #VALUE! | H35: #VALUE! | I35: #VALUE! | J35: #VALUE! | K35: #VALUE! | L35: #VALUE! | M35: #VALUE! | N35: #VALUE! | O35: #VALUE! | P35: #VALUE! | Q35: #VALUE! | R35: #VALUE! | S35: #VALUE! | T35: #VALUE! | U35: #VALUE! | V35: #VALUE! | W35: #VALUE! | X35: #VALUE! | Y35: #VALUE! | Z35: #VALUE! | AA35: #VALUE! | AB35: #VALUE! | AC35: #VALUE! | AD35: #VALUE! | AE35: #VALUE! | AF35: #VALUE! | AG35: #VALUE! | AH35: #VALUE! | AI35: #VALUE! | AJ35: #VALUE! | AK35: #VALUE! | AL35: #VALUE! | AM35: #VALUE! | AN35: #VALUE! | AO35: #VALUE! | AP35: #VALUE! | AQ35: #VALUE! | AR35: #VALUE! | BO35: Lindau | BR35: #VALUE! | BS35: #VALUE! | BU35: #VALUE! | BV35: #VALUE! | BW35: #VALUE! | BX35: #VALUE! | BZ35: 35
A36: #VALUE! | B36: #VALUE! | C36: #VALUE! | D36: #VALUE! | E36: #VALUE! | F36: #VALUE! | G36: #VALUE! | H36: #VALUE! | I36: #VALUE! | J36: #VALUE! | K36: #VALUE! | L36: #VALUE! | M36: #VALUE! | N36: #VALUE! | O36: #VALUE! | P36: #VALUE! | Q36: #VALUE! | R36: #VALUE! | S36: #VALUE! | T36: #VALUE! | U36: #VALUE! | V36: #VALUE! | W36: #VALUE! | X36: #VALUE! | Y36: #VALUE! | Z36: #VALUE! | AA36: #VALUE! | AB36: #VALUE! | AC36: #VALUE! | AD36: #VALUE! | AE36: #VALUE! | AF36: #VALUE! | AG36: #VALUE! | AH36: #VALUE! | AI36: #VALUE! | AJ36: #VALUE! | AK36: #VALUE! | AL36: #VALUE! | AM36: #VALUE! | AN36: #VALUE! | AO36: #VALUE! | AP36: #VALUE! | AQ36: #VALUE! | AR36: #VALUE! | AS36: #VALUE! | BT36: #VALUE! | BU36: #VALUE! | BV36: #VALUE! | BW36: #VALUE! | BX36: #VALUE! | BZ36: 36
A37: #VALUE! | B37: #VALUE! | C37: #VALUE! | D37: #VALUE! | E37: #VALUE! | F37: #VALUE! | G37: #VALUE! | H37: #VALUE! | I37: #VALUE! | J37: #VALUE! | K37: #VALUE! | L37: #VALUE! | M37: #VALUE! | N37: #VALUE! | O37: #VALUE! | P37: #VALUE! | Q37: #VALUE! | R37: #VALUE! | S37: #VALUE! | T37: #VALUE! | U37: #VALUE! | V37: #VALUE! | W37: #VALUE! | X37: #VALUE! | Y37: #VALUE! | Z37: #VALUE! | AA37: #VALUE! | AB37: #VALUE! | AC37: #VALUE! | AD37: #VALUE! | AE37: #VALUE! | AF37: #VALUE! | AG37: #VALUE! | AH37: #VALUE! | AI37: #VALUE! | AJ37: #VALUE! | AK37: #VALUE! | AL37: #VALUE! | AM37: #VALUE! | AN37: #VALUE! | AO37: #VALUE! | AP37: #VALUE! | AQ37: #VALUE! | AR37: #VALUE! | AS37: #VALUE! | AT37: #VALUE! | BT37: #VALUE! | BU37: #VALUE! | BV37: #VALUE! | BW37: #VALUE! | BX37: #VALUE! | BZ37: 37
A38: #VALUE! | B38: #VALUE! | C38: #VALUE! | D38: #VALUE! | E38: #VALUE! | F38: #VALUE! | G38: #VALUE! | H38: #VALUE! | I38: #VALUE! | J38: #VALUE! | K38: #VALUE! | L38: #VALUE! | M38: #VALUE! | N38: #VALUE! | O38: #VALUE! | P38: #VALUE! | Q38: #VALUE! | R38: #VALUE! | S38: #VALUE! | T38: #VALUE! | U38: #VALUE! | V38: #VALUE! | W38: #VALUE! | X38: #VALUE! | Y38: #VALUE! | Z38: #VALUE! | AA38: #VALUE! | AB38: #VALUE! | AC38: #VALUE! | AD38: #VALUE! | AE38: #VALUE! | AF38: #VALUE! | AG38: #VALUE! | AH38: #VALUE! | AI38: #VALUE! | AJ38: #VALUE! | AK38: #VALUE! | AL38: #VALUE! | AM38: #VALUE! | AN38: #VALUE! | AO38: #VALUE! | AP38: #VALUE! | AQ38: #VALUE! | AR38: #VALUE! | AS38: #VALUE! | AT38: #VALUE! | AU38: #VALUE! | BU38: #VALUE! | BV38: #VALUE! | BW38: #VALUE! | BX38: #VALUE! | BZ38: 38
A39: #VALUE! | B39: #VALUE! | C39: #VALUE! | D39: #VALUE! | E39: #VALUE! | F39: #VALUE! | G39: #VALUE! | H39: #VALUE! | I39: #VALUE! | J39: #VALUE! | K39: #VALUE! | L39: #VALUE! | M39: #VALUE! | N39: #VALUE! | O39: #VALUE! | P39: #VALUE! | Q39: #VALUE! | R39: #VALUE! | S39: #VALUE! | T39: #VALUE! | U39: #VALUE! | V39: #VALUE! | W39: #VALUE! | X39: #VALUE! | Y39: #VALUE! | Z39: #VALUE! | AA39: #VALUE! | AB39: #VALUE! | AC39: #VALUE! | AD39: #VALUE! | AE39: #VALUE! | AF39: #VALUE! | AG39: #VALUE! | AH39: #VALUE! | AI39: #VALUE! | AJ39: #VALUE! | AK39: #VALUE! | AL39: #VALUE! | AM39: #VALUE! | AN39: #VALUE! | AO39: #VALUE! | AP39: #VALUE! | AQ39: #VALUE! | AR39: #VALUE! | AS39: #VALUE! | AT39: #VALUE! | AU39: #VALUE! | AV39: Arbon | BU39: #VALUE! | BV39: #VALUE! | BW39: #VALUE! | BX39: #VALUE! | BZ39: 39
A40: #VALUE! | B40: #VALUE! | C40: #VALUE! | D40: #VALUE! | E40: #VALUE! | F40: #VALUE! | G40: #VALUE! | H40: #VALUE! | I40: #VALUE! | J40: #VALUE! | K40: #VALUE! | L40: #VALUE! | M40: #VALUE! | N40: #VALUE! | O40: #VALUE! | P40: #VALUE! | Q40: #VALUE! | R40: #VALUE! | S40: #VALUE! | T40: #VALUE! | U40: #VALUE! | V40: #VALUE! | W40: #VALUE! | X40: #VALUE! | Y40: #VALUE! | Z40: #VALUE! | AA40: #VALUE! | AB40: #VALUE! | AC40: #VALUE! | AD40: #VALUE! | AE40: #VALUE! | AF40: #VALUE! | AG40: #VALUE! | AH40: #VALUE! | AI40: #VALUE! | AJ40: #VALUE! | AK40: #VALUE! | AL40: #VALUE! | AM40: #VALUE! | AN40: #VALUE! | AO40: #VALUE! | AP40: #VALUE! | AQ40: #VALUE! | AR40: #VALUE! | AS40: #VALUE! | AT40: #VALUE! | AU40: #VALUE! | AV40: #VALUE! | AW40: #VALUE! | BL40: #VALUE! | BP40: #VALUE! | BQ40: #VALUE! | BR40: #VALUE! | BS40: Bregenz | BT40: #VALUE! | BU40: #VALUE! | BV40: #VALUE! | BW40: #VALUE! | BX40: #VALUE! | BZ40: 40
A41: #VALUE! | B41: #VALUE! | C41: #VALUE! | D41: #VALUE! | E41: #VALUE! | F41: #VALUE! | G41: #VALUE! | H41: #VALUE! | I41: #VALUE! | J41: #VALUE! | K41: #VALUE! | L41: #VALUE! | M41: #VALUE! | N41: #VALUE! | O41: #VALUE! | P41: #VALUE! | Q41: #VALUE! | R41: #VALUE! | S41: #VALUE! | T41: #VALUE! | U41: #VALUE! | V41: #VALUE! | W41: #VALUE! | X41: #VALUE! | Y41: #VALUE! | Z41: #VALUE! | AA41: #VALUE! | AB41: #VALUE! | AC41: #VALUE! | AD41: #VALUE! | AE41: #VALUE! | AF41: #VALUE! | AG41: #VALUE! | AH41: #VALUE! | AI41: #VALUE! | AJ41: #VALUE! | AK41: #VALUE! | AL41: #VALUE! | AM41: #VALUE! | AN41: #VALUE! | AO41: #VALUE! | AP41: #VALUE! | AQ41: #VALUE! | AR41: #VALUE! | AS41: #VALUE! | AT41: #VALUE! | AU41: #VALUE! | AV41: #VALUE! | AW41: #VALUE! | AX41: Horn | BF41: #VALUE! | BG41: #VALUE! | BK41: #VALUE! | BL41: #VALUE! | BN41: #VALUE! | BO41: #VALUE! | BP41: #VALUE! | BQ41: #VALUE! | BR41: #VALUE! | BS41: #VALUE! | BT41: #VALUE! | BU41: #VALUE! | BV41: #VALUE! | BW41: #VALUE! | BX41: #VALUE! | BZ41: 41
A42: #VALUE! | B42: #VALUE! | C42: #VALUE! | D42: #VALUE! | E42: #VALUE! | F42: #VALUE! | G42: #VALUE! | H42: #VALUE! | I42: #VALUE! | J42: #VALUE! | K42: #VALUE! | L42: #VALUE! | M42: #VALUE! | N42: #VALUE! | O42: #VALUE! | P42: #VALUE! | Q42: #VALUE! | R42: #VALUE! | S42: #VALUE! | T42: #VALUE! | U42: #VALUE! | V42: #VALUE! | W42: #VALUE! | X42: #VALUE! | Y42: #VALUE! | Z42: #VALUE! | AA42: #VALUE! | AB42: #VALUE! | AC42: #VALUE! | AD42: #VALUE! | AE42: #VALUE! | AF42: #VALUE! | AG42: #VALUE! | AH42: #VALUE! | AI42: #VALUE! | AJ42: #VALUE! | AK42: #VALUE! | AL42: #VALUE! | AM42: #VALUE! | AN42: #VALUE! | AO42: #VALUE! | AP42: #VALUE! | AQ42: #VALUE! | AR42: #VALUE! | AS42: #VALUE! | AT42: #VALUE! | AU42: #VALUE! | AV42: #VALUE! | AW42: #VALUE! | AX42: #VALUE! | AY42: #VALUE! | BF42: #VALUE! | BG42: #VALUE! | BH42: #VALUE! | BI42: #VALUE! | BJ42: #VALUE! | BK42: #VALUE! | BL42: #VALUE! | BM42: #VALUE! | BN42: #VALUE! | BO42: #VALUE! | BP42: #VALUE! | BQ42: #VALUE! | BR42: #VALUE! | BS42: #VALUE! | BT42: #VALUE! | BU42: #VALUE! | BV42: #VALUE! | BW42: #VALUE! | BX42: #VALUE! | BZ42: 42
A43: #VALUE! | B43: #VALUE! | C43: #VALUE! | D43: #VALUE! | E43: #VALUE! | F43: #VALUE! | G43: #VALUE! | H43: #VALUE! | I43: #VALUE! | J43: #VALUE! | K43: #VALUE! | L43: #VALUE! | M43: #VALUE! | N43: #VALUE! | O43: #VALUE! | P43: #VALUE! | Q43: #VALUE! | R43: #VALUE! | S43: #VALUE! | T43: #VALUE! | U43: #VALUE! | V43: #VALUE! | W43: #VALUE! | X43: #VALUE! | Y43: #VALUE! | Z43: #VALUE! | AA43: #VALUE! | AB43: #VALUE! | AC43: #VALUE! | AD43: #VALUE! | AE43: #VALUE! | AF43: #VALUE! | AG43: #VALUE! | AH43: #VALUE! | AI43: #VALUE! | AJ43: #VALUE! | AK43: #VALUE! | AL43: #VALUE! | AM43: #VALUE! | AN43: #VALUE! | AO43: #VALUE! | AP43: #VALUE! | AQ43: #VALUE! | AR43: #VALUE! | AS43: #VALUE! | AT43: #VALUE! | AU43: #VALUE! | AV43: #VALUE! | AW43: #VALUE! | AX43: #VALUE! | AY43: #VALUE! | AZ43: #VALUE! | BA43: Rorschach | BB43: #VALUE! | BC43: #VALUE! | BD43: #VALUE! | BE43: #VALUE! | BG43: #VALUE! | BH43: #VALUE! | BI43: #VALUE! | BJ43: #VALUE! | BK43: #VALUE! | BL43: #VALUE! | BM43: #VALUE! | BN43: #VALUE! | BO43: #VALUE! | BP43: #VALUE! | BQ43: #VALUE! | BR43: #VALUE! | BS43: #VALUE! | BT43: #VALUE! | BU43: #VALUE! | BV43: #VALUE! | BW43: #VALUE! | BX43: #VALUE! | BZ43: 43
A44: #VALUE! | B44: #VALUE! | C44: #VALUE! | D44: #VALUE! | E44: #VALUE! | F44: #VALUE! | G44: #VALUE! | H44: #VALUE! | I44: #VALUE! | J44: #VALUE! | K44: #VALUE! | L44: #VALUE! | M44: #VALUE! | N44: #VALUE! | O44: #VALUE! | P44: #VALUE! | Q44: #VALUE! | R44: #VALUE! | S44: #VALUE! | T44: #VALUE! | U44: #VALUE! | V44: #VALUE! | W44: #VALUE! | X44: #VALUE! | Y44: #VALUE! | Z44: #VALUE! | AA44: #VALUE! | AB44: #VALUE! | AC44: #VALUE! | AD44: #VALUE! | AE44: #VALUE! | AF44: #VALUE! | AG44: #VALUE! | AH44: #VALUE! | AI44: #VALUE! | AJ44: #VALUE! | AK44: #VALUE! | AL44: #VALUE! | AM44: #VALUE! | AN44: #VALUE! | AO44: #VALUE! | AP44: #VALUE! | AQ44: #VALUE! | AR44: #VALUE! | AS44: #VALUE! | AT44: #VALUE! | AU44: #VALUE! | AV44: #VALUE! | AW44: #VALUE! | AX44: #VALUE! | AY44: #VALUE! | AZ44: #VALUE! | BA44: #VALUE! | BB44: #VALUE! | BC44: #VALUE! | BD44: #VALUE! | BE44: #VALUE! | BF44: #VALUE! | BH44: #VALUE! | BI44: #VALUE! | BJ44: #VALUE! | BK44: #VALUE! | BL44: #VALUE! | BM44: #VALUE! | BN44: #VALUE! | BO44: #VALUE! | BP44: #VALUE! | BQ44: #VALUE! | BR44: #VALUE! | BS44: #VALUE! | BT44: #VALUE! | BU44: #VALUE! | BV44: #VALUE! | BW44: #VALUE! | BX44: #VALUE! | BZ44: 44
A45: #VALUE! | B45: #VALUE! | C45: #VALUE! | D45: #VALUE! | E45: #VALUE! | F45: #VALUE! | G45: #VALUE! | H45: #VALUE! | I45: #VALUE! | J45: #VALUE! | K45: #VALUE! | L45: #VALUE! | M45: #VALUE! | N45: #VALUE! | O45: #VALUE! | P45: #VALUE! | Q45: #VALUE! | R45: #VALUE! | S45: #VALUE! | T45: #VALUE! | U45: #VALUE! | V45: #VALUE! | W45: #VALUE! | X45: #VALUE! | Y45: #VALUE! | Z45: #VALUE! | AA45: #VALUE! | AB45: #VALUE! | AC45: #VALUE! | AD45: #VALUE! | AE45: #VALUE! | AF45: #VALUE! | AG45: #VALUE! | AH45: #VALUE! | AI45: #VALUE! | AJ45: #VALUE! | AK45: #VALUE! | AL45: #VALUE! | AM45: #VALUE! | AN45: #VALUE! | AO45: #VALUE! | AP45: #VALUE! | AQ45: #VALUE! | AR45: #VALUE! | AS45: #VALUE! | AT45: #VALUE! | AU45: #VALUE! | AV45: #VALUE! | AW45: #VALUE! | AX45: #VALUE! | AY45: #VALUE! | AZ45: #VALUE! | BA45: #VALUE! | BB45: #VALUE! | BC45: #VALUE! | BD45: #VALUE! | BE45: #VALUE! | BF45: #VALUE! | BG45: #VALUE! | BK45: #VALUE! | BL45: #VALUE! | BM45: #VALUE! | BN45: #VALUE! | BO45: #VALUE! | BP45: #VALUE! | BQ45: #VALUE! | BR45: #VALUE! | BS45: #VALUE! | BT45: #VALUE! | BU45: #VALUE! | BV45: #VALUE! | BW45: #VALUE! | BX45: #VALUE! | BZ45: 45
A46: #VALUE! | B46: #VALUE! | C46: #VALUE! | D46: #VALUE! | E46: #VALUE! | F46: #VALUE! | G46: #VALUE! | H46: #VALUE! | I46: #VALUE! | J46: #VALUE! | K46: #VALUE! | L46: #VALUE! | M46: #VALUE! | N46: #VALUE! | O46: #VALUE! | P46: #VALUE! | Q46: #VALUE! | R46: #VALUE! | S46: #VALUE! | T46: #VALUE! | U46: #VALUE! | V46: #VALUE! | W46: #VALUE! | X46: #VALUE! | Y46: #VALUE! | Z46: #VALUE! | AA46: #VALUE! | AB46: #VALUE! | AC46: #VALUE! | AD46: #VALUE! | AE46: #VALUE! | AF46: #VALUE! | AG46: #VALUE! | AH46: #VALUE! | AI46: #VALUE! | AJ46: #VALUE! | AK46: #VALUE! | AL46: #VALUE! | AM46: #VALUE! | AN46: #VALUE! | AO46: #VALUE! | AP46: #VALUE! | AQ46: #VALUE! | AR46: #VALUE! | AS46: #VALUE! | AT46: #VALUE! | AU46: #VALUE! | AV46: #VALUE! | AW46: #VALUE! | AX46: #VALUE! | AY46: #VALUE! | AZ46: #VALUE! | BA46: #VALUE! | BB46: #VALUE! | BC46: #VALUE! | BD46: #VALUE! | BE46: #VALUE! | BF46: #VALUE! | BG46: #VALUE! | BH46: #VALUE! | BI46: #VALUE! | BJ46: #VALUE! | BL46: #VALUE! | BM46: #VALUE! | BN46: #VALUE! | BO46: #VALUE! | BP46: #VALUE! | BQ46: #VALUE! | BR46: #VALUE! | BS46: #VALUE! | BT46: #VALUE! | BU46: #VALUE! | BV46: #VALUE! | BW46: #VALUE! | BX46: #VALUE! | BZ46: 46
BZ47: 47
A48: A | B48: B | C48: C | D48: D | E48: E | F48: F | G48: G | H48: H | I48: I | J48: J | K48: K | L48: L | M48: M | N48: N | O48: O | P48: P | Q48: Q | R48: R | S48: S | T48: T | U48: U | V48: V | W48: W | X48: X | Y48: Y | Z48: Z | AA48: AA | AB48: AB | AC48: AC | AD48: AD | AE48: AE | AF48: AF | AG48: AG | AH48: AH | AI48: AI | AJ48: AJ | AK48: AK | AL48: AL | AM48: AM | AN48: AN | AO48: AO | AP48: AP | AQ48: AQ | AR48: AR | AS48: AS | AT48: AT | AU48: AU | AV48: AV | AW48: AW | AX48: AX | AY48: AY | AZ48: AZ | BA48: BA | BB48: BB | BC48: BC | BD48: BD | BE48: BE | BF48: BF | BG48: BG | BH48: BH | BI48: BI | BJ48: BJ | BK48: BK | BL48: BL | BM48: BM | BN48: BN | BO48: BO | BP48: BP | BQ48: BQ | BR48: BR | BS48: BS | BT48: BT | BU48: BU | BV48: BV | BW48: BW | BX48: BX | BY48: BY

Sheet K2
A1: #VALUE! | B1: #VALUE! | C1: #VALUE! | D1: #VALUE! | E1: #VALUE! | F1: #VALUE! | G1: #VALUE! | H1: #VALUE! | I1: #VALUE! | J1: #VALUE! | K1: #VALUE! | L1: #VALUE! | M1: #VALUE! | N1: #VALUE! | O1: #VALUE! | P1: #VALUE! | Q1: #VALUE! | R1: #VALUE! | S1: #VALUE! | T1: #VALUE! | U1: #VALUE! | V1: #VALUE! | W1: #VALUE! | X1: #VALUE! | Y1: #VALUE! | Z1: #VALUE! | AA1: #VALUE! | AB1: #VALUE! | AC1: #VALUE! | AD1: #VALUE! | AE1: #VALUE! | AF1: #VALUE! | AG1: #VALUE! | AH1: #VALUE! | AI1: #VALUE! | AJ1: #VALUE! | AK1: #VALUE! | AL1: #VALUE! | AM1: #VALUE! | AN1: #VALUE! | AO1: #VALUE! | AP1: #VALUE! | AQ1: #VALUE! | AR1: #VALUE! | AS1: #VALUE! | AT1: #VALUE! | AU1: #VALUE! | AV1: #VALUE! | AW1: #VALUE! | AX1: #VALUE! | AY1: #VALUE! | AZ1: #VALUE! | BA1: #VALUE! | BB1: #VALUE! | BC1: #VALUE! | BD1: #VALUE! | BE1: #VALUE! | BF1: #VALUE! | BG1: #VALUE! | BH1: #VALUE! | BI1: #VALUE! | BJ1: #VALUE! | BK1: #VALUE! | BL1: #VALUE! | BM1: #VALUE! | BN1: #VALUE! | BO1: #VALUE! | BP1: #VALUE! | BQ1: #VALUE! | BR1: #VALUE! | BS1: #VALUE! | BT1: #VALUE! | BU1: #VALUE! | BV1: #VALUE! | BW1: #VALUE! | BX1: #VALUE! | BZ1: 1 | CC1: Legende
A2: #VALUE! | B2: #VALUE! | C2: #VALUE! | D2: #VALUE! | E2: #VALUE! | F2: #VALUE! | G2: #VALUE! | H2: #VALUE! | I2: #VALUE! | J2: #VALUE! | K2: #VALUE! | L2: #VALUE! | M2: #VALUE! | N2: #VALUE! | O2: #VALUE! | P2: #VALUE! | Q2: #VALUE! | R2: #VALUE! | S2: #VALUE! | T2: #VALUE! | U2: #VALUE! | V2: #VALUE! | W2: #VALUE! | X2: #VALUE! | Y2: #VALUE! | Z2: #VALUE! | AA2: #VALUE! | AB2: #VALUE! | AC2: #VALUE! | AD2: #VALUE! | AE2: #VALUE! | AF2: #VALUE! | AG2: #VALUE! | AH2: #VALUE! | AI2: #VALUE! | AJ2: #VALUE! | AK2: #VALUE! | AL2: #VALUE! | AM2: #VALUE! | AN2: #VALUE! | AO2: #VALUE! | AP2: #VALUE! | AQ2: #VALUE! | AR2: #VALUE! | AS2: #VALUE! | AT2: #VALUE! | AU2: #VALUE! | AV2: #VALUE! | AW2: #VALUE! | AX2: #VALUE! | AY2: #VALUE! | AZ2: #VALUE! | BA2: #VALUE! | BB2: #VALUE! | BC2: #VALUE! | BD2: #VALUE! | BE2: #VALUE! | BF2: #VALUE! | BG2: #VALUE! | BH2: #VALUE! | BI2: #VALUE! | BJ2: #VALUE! | BK2: #VALUE! | BL2: #VALUE! | BM2: #VALUE! | BN2: #VALUE! | BO2: #VALUE! | BP2: #VALUE! | BQ2: #VALUE! | BR2: #VALUE! | BS2: #VALUE! | BT2: #VALUE! | BU2: #VALUE! | BV2: #VALUE! | BW2: #VALUE! | BX2: #VALUE! | BZ2: 2 | CC2: #VALUE! | CD2: Germany
A3: #VALUE! | B3: #VALUE! | C3: #VALUE! | D3: #VALUE! | E3: #VALUE! | F3: #VALUE! | G3: #VALUE! | H3: #VALUE! | I3: #VALUE! | J3: #VALUE! | K3: #VALUE! | L3: #VALUE! | M3: #VALUE! | N3: #VALUE! | O3: #VALUE! | P3: #VALUE! | Q3: #VALUE! | R3: #VALUE! | S3: #VALUE! | T3: #VALUE! | U3: #VALUE! | V3: #VALUE! | W3: #VALUE! | X3: #VALUE! | Y3: #VALUE! | Z3: #VALUE! | AA3: #VALUE! | AB3: #VALUE! | AC3: #VALUE! | AD3: #VALUE! | AE3: #VALUE! | AF3: #VALUE! | AG3: #VALUE! | AH3: #VALUE! | AI3: #VALUE! | AJ3: #VALUE! | AK3: #VALUE! | AL3: #VALUE! | AM3: #VALUE! | AN3: #VALUE! | AO3: #VALUE! | AP3: #VALUE! | AQ3: #VALUE! | AR3: #VALUE! | AS3: #VALUE! | AT3: #VALUE! | AU3: #VALUE! | AV3: #VALUE! | AW3: #VALUE! | AX3: #VALUE! | AY3: #VALUE! | AZ3: #VALUE! | BA3: #VALUE! | BB3: #VALUE! | BC3: #VALUE! | BD3: #VALUE! | BE3: #VALUE! | BF3: #VALUE! | BG3: #VALUE! | BH3: #VALUE! | BI3: #VALUE! | BJ3: #VALUE! | BK3: #VALUE! | BL3: #VALUE! | BM3: #VALUE! | BN3: #VALUE! | BO3: #VALUE! | BP3: #VALUE! | BQ3: #VALUE! | BR3: #VALUE! | BS3: #VALUE! | BT3: #VALUE! | BU3: #VALUE! | BV3: #VALUE! | BW3: #VALUE! | BX3: #VALUE! | BZ3: 3 | CC3: #VALUE! | CD3: Austria
A4: #VALUE! | B4: #VALUE! | C4: #VALUE! | D4: #VALUE! | E4: #VALUE! | F4: #VALUE! | G4: #VALUE! | H4: #VALUE! | I4: #VALUE! | J4: #VALUE! | K4: #VALUE! | L4: #VALUE! | M4: #VALUE! | N4: #VALUE! | O4: #VALUE! | P4: #VALUE! | Q4: #VALUE! | R4: #VALUE! | S4: #VALUE! | T4: #VALUE! | U4: #VALUE! | V4: #VALUE! | W4: #VALUE! | X4: #VALUE! | Y4: #VALUE! | Z4: #VALUE! | AA4: #VALUE! | AB4: #VALUE! | AC4: #VALUE! | AD4: #VALUE! | AE4: #VALUE! | AF4: #VALUE! | AG4: #VALUE! | AH4: #VALUE! | AI4: #VALUE! | AJ4: #VALUE! | AK4: #VALUE! | AL4: #VALUE! | AM4: #VALUE! | AN4: #VALUE! | AO4: #VALUE! | AP4: #VALUE! | AQ4: #VALUE! | AR4: #VALUE! | AS4: #VALUE! | AT4: #VALUE! | AU4: #VALUE! | AV4: #VALUE! | AW4: #VALUE! | AX4: #VALUE! | AY4: #VALUE! | AZ4: #VALUE! | BA4: #VALUE! | BB4: #VALUE! | BC4: #VALUE! | BD4: #VALUE! | BE4: #VALUE! | BF4: #VALUE! | BG4: #VALUE! | BH4: #VALUE! | BI4: #VALUE! | BJ4: #VALUE! | BK4: #VALUE! | BL4: #VALUE! | BM4: #VALUE! | BN4: #VALUE! | BO4: #VALUE! | BP4: #VALUE! | BQ4: #VALUE! | BR4: #VALUE! | BS4: #VALUE! | BT4: #VALUE! | BU4: #VALUE! | BV4: #VALUE! | BW4: #VALUE! | BX4: #VALUE! | BZ4: 4 | CC4: #VALUE! | CD4: Switzerland
A5: #VALUE! | B5: #VALUE! | C5: #VALUE! | D5: #VALUE! | E5: #VALUE! | F5: #VALUE! | G5: #VALUE! | H5: #VALUE! | I5: #VALUE! | J5: #VALUE! | K5: #VALUE! | L5: #VALUE! | M5: #VALUE! | N5: #VALUE! | O5: #VALUE! | P5: #VALUE! | Q5: #VALUE! | R5: #VALUE! | S5: #VALUE! | T5: Ludwigshafen | U5: #VALUE! | V5: #VALUE! | W5: #VALUE! | X5: #VALUE! | Y5: #VALUE! | Z5: #VALUE! | AA5: #VALUE! | AB5: #VALUE! | AC5: #VALUE! | AD5: #VALUE! | AE5: #VALUE! | AF5: #VALUE! | AG5: #VALUE! | AH5: #VALUE! | AI5: #VALUE! | AJ5: #VALUE! | AK5: #VALUE! | AL5: #VALUE! | AM5: #VALUE! | AN5: #VALUE! | AO5: #VALUE! | AP5: #VALUE! | AQ5: #VALUE! | AR5: #VALUE! | AS5: #VALUE! | AT5: #VALUE! | AU5: #VALUE! | AV5: #VALUE! | AW5: #VALUE! | AX5: #VALUE! | AY5: #VALUE! | AZ5: #VALUE! | BA5: #VALUE! | BB5: #VALUE! | BC5: #VALUE! | BD5: #VALUE! | BE5: #VALUE! | BF5: #VALUE! | BG5: #VALUE! | BH5: #VALUE! | BI5: #VALUE! | BJ5: #VALUE! | BK5: #VALUE! | BL5: #VALUE! | BM5: #VALUE! | BN5: #VALUE! | BO5: #VALUE! | BP5: #VALUE! | BQ5: #VALUE! | BR5: #VALUE! | BS5: #VALUE! | BT5: #VALUE! | BU5: #VALUE! | BV5: #VALUE! | BW5: #VALUE! | BX5: #VALUE! | BZ5: 5 | CD5: Ländergrenzen
A6: #VALUE! | B6: #VALUE! | C6: #VALUE! | D6: #VALUE! | E6: #VALUE! | F6: #VALUE! | G6: #VALUE! | H6: #VALUE! | I6: #VALUE! | J6: #VALUE! | K6: #VALUE! | L6: #VALUE! | M6: #VALUE! | N6: #VALUE! | O6: #VALUE! | P6: #VALUE! | Q6: #VALUE! | U6: #VALUE! | V6: #VALUE! | W6: #VALUE! | X6: #VALUE! | Y6: #VALUE! | Z6: #VALUE! | AA6: #VALUE! | AB6: #VALUE! | AC6: #VALUE! | AD6: #VALUE! | AE6: #VALUE! | AF6: #VALUE! | AG6: #VALUE! | AH6: #VALUE! | AI6: #VALUE! | AJ6: #VALUE! | AK6: #VALUE! | AL6: #VALUE! | AM6: #VALUE! | AN6: #VALUE! | AO6: #VALUE! | AP6: #VALUE! | AQ6: #VALUE! | AR6: #VALUE! | AS6: #VALUE! | AT6: #VALUE! | AU6: #VALUE! | AV6: #VALUE! | AW6: #VALUE! | AX6: #VALUE! | AY6: #VALUE! | AZ6: #VALUE! | BA6: #VALUE! | BB6: #VALUE! | BC6: #VALUE! | BD6: #VALUE! | BE6: #VALUE! | BF6: #VALUE! | BG6: #VALUE! | BH6: #VALUE! | BI6: #VALUE! | BJ6: #VALUE! | BK6: #VALUE! | BL6: #VALUE! | BM6: #VALUE! | BN6: #VALUE! | BO6: #VALUE! | BP6: #VALUE! | BQ6: #VALUE! | BR6: #VALUE! | BS6: #VALUE! | BT6: #VALUE! | BU6: #VALUE! | BV6: #VALUE! | BW6: #VALUE! | BX6: #VALUE! | BZ6: 6 | CD6: Städte
A7: #VALUE! | B7: #VALUE! | C7: #VALUE! | D7: #VALUE! | E7: #VALUE! | F7: #VALUE! | G7: #VALUE! | H7: #VALUE! | I7: #VALUE! | J7: #VALUE! | K7: #VALUE! | L7: #VALUE! | M7: #VALUE! | N7: #VALUE! | O7: #VALUE! | P7: #VALUE! | Q7: Bodman | V7: #VALUE! | W7: #VALUE! | X7: #VALUE! | Y7: #VALUE! | Z7: #VALUE! | AA7: #VALUE! | AB7: #VALUE! | AC7: #VALUE! | AD7: #VALUE! | AE7: #VALUE! | AF7: #VALUE! | AG7: #VALUE! | AH7: #VALUE! | AI7: #VALUE! | AJ7: #VALUE! | AK7: #VALUE! | AL7: #VALUE! | AM7: #VALUE! | AN7: #VALUE! | AO7: #VALUE! | AP7: #VALUE! | AQ7: #VALUE! | AR7: #VALUE! | AS7: #VALUE! | AT7: #VALUE! | AU7: #VALUE! | AV7: #VALUE! | AW7: #VALUE! | AX7: #VALUE! | AY7: #VALUE! | AZ7: #VALUE! | BA7: #VALUE! | BB7: #VALUE! | BC7: #VALUE! | BD7: #VALUE! | BE7: #VALUE! | BF7: #VALUE! | BG7: #VALUE! | BH7: #VALUE! | BI7: #VALUE! | BJ7: #VALUE! | BK7: #VALUE! | BL7: #VALUE! | BM7: #VALUE! | BN7: #VALUE! | BO7: #VALUE! | BP7: #VALUE! | BQ7: #VALUE! | BR7: #VALUE! | BS7: #VALUE! | BT7: #VALUE! | BU7: #VALUE! | BV7: #VALUE! | BW7: #VALUE! | BX7: #VALUE! | BZ7: 7 | CD7: See
A8: #VALUE! | B8: #VALUE! | C8: #VALUE! | D8: #VALUE! | E8: #VALUE! | F8: #VALUE! | G8: #VALUE! | H8: #VALUE! | I8: #VALUE! | J8: #VALUE! | K8: #VALUE! | L8: #VALUE! | M8: #VALUE! | N8: #VALUE! | O8: #VALUE! | P8: #VALUE! | Q8: #VALUE! | R8: #VALUE! | S8: #VALUE! | W8: #VALUE! | X8: #VALUE! | Y8: #VALUE! | Z8: #VALUE! | AA8: #VALUE! | AB8: #VALUE! | AC8: #VALUE! | AD8: #VALUE! | AE8: #VALUE! | AF8: #VALUE! | AG8: #VALUE! | AH8: #VALUE! | AI8: #VALUE! | AJ8: #VALUE! | AK8: #VALUE! | AL8: #VALUE! | AM8: #VALUE! | AN8: #VALUE! | AO8: #VALUE! | AP8: #VALUE! | AQ8: #VALUE! | AR8: #VALUE! | AS8: #VALUE! | AT8: #VALUE! | AU8: #VALUE! | AV8: #VALUE! | AW8: #VALUE! | AX8: #VALUE! | AY8: #VALUE! | AZ8: #VALUE! | BA8: #VALUE! | BB8: #VALUE! | BC8: #VALUE! | BD8: #VALUE! | BE8: #VALUE! | BF8: #VALUE! | BG8: #VALUE! | BH8: #VALUE! | BI8: #VALUE! | BJ8: #VALUE! | BK8: #VALUE! | BL8: #VALUE! | BM8: #VALUE! | BN8: #VALUE! | BO8: #VALUE! | BP8: #VALUE! | BQ8: #VALUE! | BR8: #VALUE! | BS8: #VALUE! | BT8: #VALUE! | BU8: #VALUE! | BV8: #VALUE! | BW8: #VALUE! | BX8: #VALUE! | BZ8: 8 | CD8: *Die Länderzellen werden mit einer neuen Excel-Funktion ausgefüllt – solltest du eine ältere Version verwendest, wird dort möglicherweise eine Fehlermeldung angezeigt – aber keine Sorge: Du kannst den Fall trotzdem lösen, indem du die Hintergrundfarben verwendest.
A9: #VALUE! | B9: #VALUE! | C9: #VALUE! | D9: #VALUE! | E9: #VALUE! | F9: #VALUE! | G9: #VALUE! | H9: #VALUE! | I9: #VALUE! | J9: #VALUE! | K9: #VALUE! | L9: #VALUE! | M9: #VALUE! | N9: #VALUE! | O9: #VALUE! | P9: #VALUE! | Q9: #VALUE! | R9: #VALUE! | S9: #VALUE! | Y9: #VALUE! | Z9: #VALUE! | AA9: #VALUE! | AB9: #VALUE! | AC9: #VALUE! | AD9: #VALUE! | AE9: #VALUE! | AF9: #VALUE! | AG9: #VALUE! | AH9: #VALUE! | AI9: #VALUE! | AJ9: #VALUE! | AK9: #VALUE! | AL9: #VALUE! | AM9: #VALUE! | AN9: #VALUE! | AO9: #VALUE! | AP9: #VALUE! | AQ9: #VALUE! | AR9: #VALUE! | AS9: #VALUE! | AT9: #VALUE! | AU9: #VALUE! | AV9: #VALUE! | AW9: #VALUE! | AX9: #VALUE! | AY9: #VALUE! | AZ9: #VALUE! | BA9: #VALUE! | BB9: #VALUE! | BC9: #VALUE! | BD9: #VALUE! | BE9: #VALUE! | BF9: #VALUE! | BG9: #VALUE! | BH9: #VALUE! | BI9: #VALUE! | BJ9: #VALUE! | BK9: #VALUE! | BL9: #VALUE! | BM9: #VALUE! | BN9: #VALUE! | BO9: #VALUE! | BP9: #VALUE! | BQ9: #VALUE! | BR9: #VALUE! | BS9: #VALUE! | BT9: #VALUE! | BU9: #VALUE! | BV9: #VALUE! | BW9: #VALUE! | BX9: #VALUE! | BZ9: 9
A10: #VALUE! | B10: #VALUE! | C10: #VALUE! | D10: #VALUE! | E10: #VALUE! | F10: #VALUE! | G10: #VALUE! | H10: #VALUE! | I10: #VALUE! | J10: #VALUE! | K10: #VALUE! | L10: #VALUE! | M10: #VALUE! | N10: #VALUE! | O10: #VALUE! | P10: #VALUE! | Q10: #VALUE! | R10: #VALUE! | S10: #VALUE! | T10: #VALUE! | Z10: #VALUE! | AA10: #VALUE! | AB10: #VALUE! | AC10: #VALUE! | AD10: #VALUE! | AE10: #VALUE! | AF10: #VALUE! | AG10: #VALUE! | AH10: #VALUE! | AI10: #VALUE! | AJ10: #VALUE! | AK10: #VALUE! | AL10: #VALUE! | AM10: #VALUE! | AN10: #VALUE! | AO10: #VALUE! | AP10: #VALUE! | AQ10: #VALUE! | AR10: #VALUE! | AS10: #VALUE! | AT10: #VALUE! | AU10: #VALUE! | AV10: #VALUE! | AW10: #VALUE! | AX10: #VALUE! | AY10: #VALUE! | AZ10: #VALUE! | BA10: #VALUE! | BB10: #VALUE! | BC10: #VALUE! | BD10: #VALUE! | BE10: #VALUE! | BF10: #VALUE! | BG10: #VALUE! | BH10: #VALUE! | BI10: #VALUE! | BJ10: #VALUE! | BK10: #VALUE! | BL10: #VALUE! | BM10: #VALUE! | BN10: #VALUE! | BO10: #VALUE! | BP10: #VALUE! | BQ10: #VALUE! | BR10: #VALUE! | BS10: #VALUE! | BT10: #VALUE! | BU10: #VALUE! | BV10: #VALUE! | BW10: #VALUE! | BX10: #VALUE! | BZ10: 10
A11: #VALUE! | B11: #VALUE! | C11: #VALUE! | D11: #VALUE! | E11: #VALUE! | F11: #VALUE! | G11: #VALUE! | H11: #VALUE! | I11: #VALUE! | J11: #VALUE! | K11: #VALUE! | L11: #VALUE! | M11: #VALUE! | N11: #VALUE! | O11: #VALUE! | P11: #VALUE! | Q11: #VALUE! | R11: #VALUE! | S11: #VALUE! | T11: #VALUE! | U11: #VALUE! | V11: #VALUE! | AA11: #VALUE! | AB11: Überlingen | AC11: #VALUE! | AD11: #VALUE! | AE11: #VALUE! | AF11: #VALUE! | AG11: #VALUE! | AH11: #VALUE! | AI11: #VALUE! | AJ11: #VALUE! | AK11: #VALUE! | AL11: #VALUE! | AM11: #VALUE! | AN11: #VALUE! | AO11: #VALUE! | AP11: #VALUE! | AQ11: #VALUE! | AR11: #VALUE! | AS11: #VALUE! | AT11: #VALUE! | AU11: #VALUE! | AV11: #VALUE! | AW11: #VALUE! | AX11: #VALUE! | AY11: #VALUE! | AZ11: #VALUE! | BA11: #VALUE! | BB11: #VALUE! | BC11: #VALUE! | BD11: #VALUE! | BE11: #VALUE! | BF11: #VALUE! | BG11: #VALUE! | BH11: #VALUE! | BI11: #VALUE! | BJ11: #VALUE! | BK11: #VALUE! | BL11: #VALUE! | BM11: #VALUE! | BN11: #VALUE! | BO11: #VALUE! | BP11: #VALUE! | BQ11: #VALUE! | BR11: #VALUE! | BS11: #VALUE! | BT11: #VALUE! | BU11: #VALUE! | BV11: #VALUE! | BW11: #VALUE! | BX11: #VALUE! | BZ11: 11
A12: #VALUE! | B12: #VALUE! | C12: #VALUE! | D12: #VALUE! | E12: #VALUE! | F12: #VALUE! | G12: #VALUE! | H12: #VALUE! | I12: #VALUE! | J12: #VALUE! | K12: #VALUE! | L12: #VALUE! | M12: #VALUE! | N12: #VALUE! | O12: #VALUE! | P12: #VALUE! | Q12: #VALUE! | R12: #VALUE! | S12: #VALUE! | T12: #VALUE! | U12: #VALUE! | V12: #VALUE! | W12: #VALUE! | X12: #VALUE! | AC12: #VALUE! | AD12: #VALUE! | AE12: #VALUE! | AF12: #VALUE! | AG12: #VALUE! | AH12: #VALUE! | AI12: #VALUE! | AJ12: #VALUE! | AK12: #VALUE! | AL12: #VALUE! | AM12: #VALUE! | AN12: #VALUE! | AO12: #VALUE! | AP12: #VALUE! | AQ12: #VALUE! | AR12: #VALUE! | AS12: #VALUE! | AT12: #VALUE! | AU12: #VALUE! | AV12: #VALUE! | AW12: #VALUE! | AX12: #VALUE! | AY12: #VALUE! | AZ12: #VALUE! | BA12: #VALUE! | BB12: #VALUE! | BC12: #VALUE! | BD12: #VALUE! | BE12: #VALUE! | BF12: #VALUE! | BG12: #VALUE! | BH12: #VALUE! | BI12: #VALUE! | BJ12: #VALUE! | BK12: #VALUE! | BL12: #VALUE! | BM12: #VALUE! | BN12: #VALUE! | BO12: #VALUE! | BP12: #VALUE! | BQ12: #VALUE! | BR12: #VALUE! | BS12: #VALUE! | BT12: #VALUE! | BU12: #VALUE! | BV12: #VALUE! | BW12: #VALUE! | BX12: #VALUE! | BZ12: 12
A13: #VALUE! | B13: #VALUE! | C13: #VALUE! | D13: #VALUE! | E13: #VALUE! | F13: #VALUE! | G13: #VALUE! | H13: #VALUE! | I13: #VALUE! | J13: #VALUE! | K13: #VALUE! | L13: #VALUE! | M13: #VALUE! | N13: #VALUE! | O13: #VALUE! | P13: #VALUE! | Q13: #VALUE! | R13: #VALUE! | S13: #VALUE! | T13: #VALUE! | U13: #VALUE! | V13: #VALUE! | W13: #VALUE! | X13: #VALUE! | Y13: #VALUE! | AE13: #VALUE! | AF13: #VALUE! | AG13: #VALUE! | AH13: #VALUE! | AI13: #VALUE! | AJ13: #VALUE! | AK13: #VALUE! | AL13: #VALUE! | AM13: #VALUE! | AN13: #VALUE! | AO13: #VALUE! | AP13: #VALUE! | AQ13: #VALUE! | AR13: #VALUE! | AS13: #VALUE! | AT13: #VALUE! | AU13: #VALUE! | AV13: #VALUE! | AW13: #VALUE! | AX13: #VALUE! | AY13: #VALUE! | AZ13: #VALUE! | BA13: #VALUE! | BB13: #VALUE! | BC13: #VALUE! | BD13: #VALUE! | BE13: #VALUE! | BF13: #VALUE! | BG13: #VALUE! | BH13: #VALUE! | BI13: #VALUE! | BJ13: #VALUE! | BK13: #VALUE! | BL13: #VALUE! | BM13: #VALUE! | BN13: #VALUE! | BO13: #VALUE! | BP13: #VALUE! | BQ13: #VALUE! | BR13: #VALUE! | BS13: #VALUE! | BT13: #VALUE! | BU13: #VALUE! | BV13: #VALUE! | BW13: #VALUE! | BX13: #VALUE! | BZ13: 13
A14: #VALUE! | B14: #VALUE! | C14: #VALUE! | D14: #VALUE! | E14: #VALUE! | F14: #VALUE! | G14: #VALUE! | H14: #VALUE! | I14: #VALUE! | J14: #VALUE! | K14: #VALUE! | L14: #VALUE! | M14: Radolfzell | N14: #VALUE! | P14: #VALUE! | Q14: #VALUE! | R14: #VALUE! | S14: #VALUE! | T14: #VALUE! | U14: #VALUE! | V14: #VALUE! | W14: #VALUE! | X14: #VALUE! | Y14: #VALUE! | Z14: #VALUE! | AA14: #VALUE! | AG14: #VALUE! | AH14: #VALUE! | AI14: #VALUE! | AJ14: #VALUE! | AK14: #VALUE! | AL14: #VALUE! | AM14: #VALUE! | AN14: #VALUE! | AO14: #VALUE! | AP14: #VALUE! | AQ14: #VALUE! | AR14: #VALUE! | AS14: #VALUE! | AT14: #VALUE! | AU14: #VALUE! | AV14: #VALUE! | AW14: #VALUE! | AX14: #VALUE! | AY14: #VALUE! | AZ14: #VALUE! | BA14: #VALUE! | BB14: #VALUE! | BC14: #VALUE! | BD14: #VALUE! | BE14: #VALUE! | BF14: #VALUE! | BG14: #VALUE! | BH14: #VALUE! | BI14: #VALUE! | BJ14: #VALUE! | BK14: #VALUE! | BL14: #VALUE! | BM14: #VALUE! | BN14: #VALUE! | BO14: #VALUE! | BP14: #VALUE! | BQ14: #VALUE! | BR14: #VALUE! | BS14: #VALUE! | BT14: #VALUE! | BU14: #VALUE! | BV14: #VALUE! | BW14: #VALUE! | BX14: #VALUE! | BZ14: 14
A15: #VALUE! | B15: #VALUE! | C15: #VALUE! | D15: #VALUE! | E15: #VALUE! | F15: #VALUE! | G15: #VALUE! | H15: #VALUE! | I15: #VALUE! | J15: #VALUE! | O15: #VALUE! | R15: #VALUE! | S15: #VALUE! | T15: #VALUE! | U15: #VALUE! | V15: #VALUE! | W15: #VALUE! | X15: #VALUE! | Y15: #VALUE! | Z15: #VALUE! | AA15: #VALUE! | AB15: #VALUE! | AG15: #VALUE! | AH15: #VALUE! | AI15: #VALUE! | AJ15: #VALUE! | AK15: #VALUE! | AL15: #VALUE! | AM15: #VALUE! | AN15: #VALUE! | AO15: #VALUE! | AP15: #VALUE! | AQ15: #VALUE! | AR15: #VALUE! | AS15: #VALUE! | AT15: #VALUE! | AU15: #VALUE! | AV15: #VALUE! | AW15: #VALUE! | AX15: #VALUE! | AY15: #VALUE! | AZ15: #VALUE! | BA15: #VALUE! | BB15: #VALUE! | BC15: #VALUE! | BD15: #VALUE! | BE15: #VALUE! | BF15: #VALUE! | BG15: #VALUE! | BH15: #VALUE! | BI15: #VALUE! | BJ15: #VALUE! | BK15: #VALUE! | BL15: #VALUE! | BM15: #VALUE! | BN15: #VALUE! | BO15: #VALUE! | BP15: #VALUE! | BQ15: #VALUE! | BR15: #VALUE! | BS15: #VALUE! | BT15: #VALUE! | BU15: #VALUE! | BV15: #VALUE! | BW15: #VALUE! | BX15: #VALUE! | BZ15: 15
A16: #VALUE! | B16: #VALUE! | C16: #VALUE! | D16: #VALUE! | E16: #VALUE! | F16: #VALUE! | G16: #VALUE! | H16: #VALUE! | I16: #VALUE! | J16: #VALUE! | K16: #VALUE! | S16: #VALUE! | T16: Allensbach | U16: #VALUE! | V16: #VALUE! | W16: #VALUE! | X16: #VALUE! | Y16: #VALUE! | Z16: #VALUE! | AA16: #VALUE! | AB16: #VALUE! | AG16: Uhlingen | AH16: #VALUE! | AI16: #VALUE! | AJ16: #VALUE! | AK16: #VALUE! | AL16: #VALUE! | AM16: #VALUE! | AN16: #VALUE! | AO16: #VALUE! | AP16: #VALUE! | AQ16: #VALUE! | AR16: #VALUE! | AS16: #VALUE! | AT16: #VALUE! | AU16: #VALUE! | AV16: #VALUE! | AW16: #VALUE! | AX16: #VALUE! | AY16: #VALUE! | AZ16: #VALUE! | BA16: #VALUE! | BB16: #VALUE! | BC16: #VALUE! | BD16: #VALUE! | BE16: #VALUE! | BF16: #VALUE! | BG16: #VALUE! | BH16: #VALUE! | BI16: #VALUE! | BJ16: #VALUE! | BK16: #VALUE! | BL16: #VALUE! | BM16: #VALUE! | BN16: #VALUE! | BO16: #VALUE! | BP16: #VALUE! | BQ16: #VALUE! | BR16: #VALUE! | BS16: #VALUE! | BT16: #VALUE! | BU16: #VALUE! | BV16: #VALUE! | BW16: #VALUE! | BX16: #VALUE! | BZ16: 16
A17: #VALUE! | B17: #VALUE! | C17: #VALUE! | D17: #VALUE! | E17: #VALUE! | F17: #VALUE! | G17: #VALUE! | H17: #VALUE! | I17: #VALUE! | J17: #VALUE! | K17: #VALUE! | L17: #VALUE! | M17: #VALUE! | U17: #VALUE! | V17: #VALUE! | W17: #VALUE! | X17: #VALUE! | Y17: #VALUE! | Z17: #VALUE! | AA17: #VALUE! | AB17: #VALUE! | AH17: #VALUE! | AI17: #VALUE! | AJ17: #VALUE! | AK17: #VALUE! | AL17: #VALUE! | AM17: #VALUE! | AN17: #VALUE! | AO17: #VALUE! | AP17: #VALUE! | AQ17: #VALUE! | AR17: #VALUE! | AS17: #VALUE! | AT17: #VALUE! | AU17: #VALUE! | AV17: #VALUE! | AW17: #VALUE! | AX17: #VALUE! | AY17: #VALUE! | AZ17: #VALUE! | BA17: #VALUE! | BB17: #VALUE! | BC17: #VALUE! | BD17: #VALUE! | BE17: #VALUE! | BF17: #VALUE! | BG17: #VALUE! | BH17: #VALUE! | BI17: #VALUE! | BJ17: #VALUE! | BK17: #VALUE! | BL17: #VALUE! | BM17: #VALUE! | BN17: #VALUE! | BO17: #VALUE! | BP17: #VALUE! | BQ17: #VALUE! | BR17: #VALUE! | BS17: #VALUE! | BT17: #VALUE! | BU17: #VALUE! | BV17: #VALUE! | BW17: #VALUE! | BX17: #VALUE! | BZ17: 17
A18: #VALUE! | B18: #VALUE! | C18: #VALUE! | D18: #VALUE! | E18: #VALUE! | F18: #VALUE! | G18: #VALUE! | H18: #VALUE! | I18: #VALUE! | J18: #VALUE! | K18: #VALUE! | L18: #VALUE! | M18: #VALUE! | N18: #VALUE! | S18: #VALUE! | X18: #VALUE! | Y18: #VALUE! | Z18: #VALUE! | AA18: #VALUE! | AB18: #VALUE! | AC18: #VALUE! | AI18: #VALUE! | AJ18: #VALUE! | AK18: #VALUE! | AL18: #VALUE! | AM18: #VALUE! | AN18: #VALUE! | AO18: #VALUE! | AP18: #VALUE! | AQ18: #VALUE! | AR18: #VALUE! | AS18: #VALUE! | AT18: #VALUE! | AU18: #VALUE! | AV18: #VALUE! | AW18: #VALUE! | AX18: #VALUE! | AY18: #VALUE! | AZ18: #VALUE! | BA18: #VALUE! | BB18: #VALUE! | BC18: #VALUE! | BD18: #VALUE! | BE18: #VALUE! | BF18: #VALUE! | BG18: #VALUE! | BH18: #VALUE! | BI18: #VALUE! | BJ18: #VALUE! | BK18: #VALUE! | BL18: #VALUE! | BM18: #VALUE! | BN18: #VALUE! | BO18: #VALUE! | BP18: #VALUE! | BQ18: #VALUE! | BR18: #VALUE! | BS18: #VALUE! | BT18: #VALUE! | BU18: #VALUE! | BV18: #VALUE! | BW18: #VALUE! | BX18: #VALUE! | BZ18: 18
C19: #VALUE! | D19: #VALUE! | E19: #VALUE! | F19: #VALUE! | G19: #VALUE! | H19: #VALUE! | I19: #VALUE! | J19: #VALUE! | K19: #VALUE! | L19: #VALUE! | M19: #VALUE! | N19: #VALUE! | O19: #VALUE! | S19: #VALUE! | T19: #VALUE! | X19: #VALUE! | Y19: #VALUE! | Z19: #VALUE! | AA19: #VALUE! | AB19: #VALUE! | AC19: #VALUE! | AD19: #VALUE! | AJ19: Meersburg | AK19: #VALUE! | AL19: #VALUE! | AM19: #VALUE! | AN19: #VALUE! | AO19: #VALUE! | AP19: #VALUE! | AQ19: #VALUE! | AR19: #VALUE! | AS19: #VALUE! | AT19: #VALUE! | AU19: #VALUE! | AV19: #VALUE! | AW19: #VALUE! | AX19: #VALUE! | AY19: #VALUE! | AZ19: #VALUE! | BA19: #VALUE! | BB19: #VALUE! | BC19: #VALUE! | BD19: #VALUE! | BE19: #VALUE! | BF19: #VALUE! | BG19: #VALUE! | BH19: #VALUE! | BI19: #VALUE! | BJ19: #VALUE! | BK19: #VALUE! | BL19: #VALUE! | BM19: #VALUE! | BN19: #VALUE! | BO19: #VALUE! | BP19: #VALUE! | BQ19: #VALUE! | BR19: #VALUE! | BS19: #VALUE! | BT19: #VALUE! | BU19: #VALUE! | BV19: #VALUE! | BW19: #VALUE! | BX19: #VALUE! | BZ19: 19
